id,chapter,chapter_title,level,priority,automation,statement,evidence,sources,status,version_introduced
UXR-0001,1,Gouvernance du référentiel et langage normatif,MUST,P0,SEMI,Toute tâche frontend doit identifier les règles de ce référentiel qui s'appliquent avant de modifier le code.,La description de tâche ou de PR contient une section « Règles UI/UX applicables » avec des identifiants UXR.,"S04,S23,S30,S31",active,1.0.0
UXR-0002,1,Gouvernance du référentiel et langage normatif,MUST,P0,MANUAL,"Les exigences légales, de sécurité, d'accessibilité et de vérité des données priment sur toute préférence esthétique.","Aucune décision visuelle ne contourne WCAG, RBAC, provenance, consentement ou contrat métier.","S04,S23,S30,S31",active,1.0.0
UXR-0003,1,Gouvernance du référentiel et langage normatif,MUST,P0,MANUAL,"Un Page Operating Contract validé prime sur une maquette lorsqu'ils divergent sur l'objectif, les données ou les actions.",La PR cite le contrat de page et explique tout écart avec la référence visuelle.,"S04,S23,S30,S31",active,1.0.0
UXR-0004,1,Gouvernance du référentiel et langage normatif,MUST,P0,SEMI,"Une règle MUST ou MUST NOT ne peut être ignorée sans dérogation écrite, propriétaire, risque, mesure compensatoire et date d'expiration.",Le registre des dérogations contient une entrée complète et approuvée.,"S04,S23,S30,S31",active,1.0.0
UXR-0005,1,Gouvernance du référentiel et langage normatif,SHOULD,P1,MANUAL,Une règle SHOULD est appliquée par défaut et tout écart doit être justifié par un besoin utilisateur ou une contrainte mesurée.,"La PR documente la justification et la preuve, pas une préférence personnelle.","S04,S23,S30,S31",active,1.0.0
UXR-0006,1,Gouvernance du référentiel et langage normatif,MAY,P3,MANUAL,Une règle MAY peut être utilisée lorsque le contexte la rend utile sans créer de complexité durable.,La décision reste réversible et n'introduit pas de dépendance structurelle injustifiée.,"S04,S23,S30,S31",active,1.0.0
UXR-0007,1,Gouvernance du référentiel et langage normatif,MUST,P0,SEMI,"Chaque règle appliquée doit produire une preuve vérifiable dans le design, le code, les tests ou la documentation.","La revue peut pointer vers un fichier, une story, un test, une capture ou une mesure.","S04,S23,S30,S31",active,1.0.0
UXR-0008,1,Gouvernance du référentiel et langage normatif,MUST NOT,P0,MANUAL,Un agent ne doit pas déclarer une règle respectée sans avoir inspecté le rendu ou la preuve correspondante.,"Le rapport distingue « vérifié », « partiellement vérifié » et « non vérifié » avec raison.","S04,S23,S30,S31",active,1.0.0
UXR-0009,1,Gouvernance du référentiel et langage normatif,MUST,P0,MANUAL,"Les conflits entre règles doivent être arbitrés explicitement selon l'ordre sécurité, vérité, accessibilité, tâche, cohérence, esthétique.",La décision d'arbitrage est écrite dans la PR ou un ADR UX.,"S04,S23,S30,S31",active,1.0.0
UXR-0010,1,Gouvernance du référentiel et langage normatif,MUST,P1,AUTO,Le référentiel doit être versionné et chaque changement normatif doit indiquer sa motivation et son impact.,"Un changelog contient version, règles modifiées, migration et approbateurs.","S04,S23,S30,S31",active,1.0.0
UXR-0011,1,Gouvernance du référentiel et langage normatif,MUST,P1,AUTO,Les règles doivent avoir des identifiants stables qui ne sont jamais réutilisés après suppression.,Le JSON et le Markdown conservent l'historique des IDs dépréciés.,"S04,S23,S30,S31",active,1.0.0
UXR-0012,1,Gouvernance du référentiel et langage normatif,MUST,P1,SEMI,"Toute exception répétée trois fois doit déclencher une révision de la règle, du composant ou de l'architecture.",Le registre d'exceptions est analysé périodiquement et ouvre un ticket de fond.,"S04,S23,S30,S31",active,1.0.0
UXR-0013,1,Gouvernance du référentiel et langage normatif,MUST,P0,SEMI,Les règles P0 bloquent la fusion lorsqu'elles sont violées sans dérogation valide.,La CI ou la checklist de revue marque le contrôle comme bloquant.,"S04,S23,S30,S31",active,1.0.0
UXR-0014,1,Gouvernance du référentiel et langage normatif,SHOULD,P1,MANUAL,Les règles P1 bloquent la fusion lorsque l'écart affecte un parcours principal ou une action sensible.,Le reviewer évalue l'impact utilisateur et documente la décision.,"S04,S23,S30,S31",active,1.0.0
UXR-0015,1,Gouvernance du référentiel et langage normatif,SHOULD,P2,SEMI,Les règles P2 sont planifiées lorsqu'elles ne peuvent pas être traitées dans la modification courante.,Un ticket daté existe avant fusion si la dette est introduite par la PR.,"S04,S23,S30,S31",active,1.0.0
UXR-0016,1,Gouvernance du référentiel et langage normatif,MUST,P0,MANUAL,Les sources externes servent de fondation mais les règles internes peuvent être plus strictes pour un produit à haut enjeu.,La règle interne indique clairement qu'elle constitue un standard produit renforcé.,"S04,S23,S30,S31",active,1.0.0
UXR-0017,1,Gouvernance du référentiel et langage normatif,MUST NOT,P0,SEMI,"Une capture, une maquette ou un prototype ne doit jamais être considéré comme preuve d'une capacité backend réelle.","La capacité est confirmée par contrat API, réponse réelle et test d'intégration.","S04,S23,S30,S31",active,1.0.0
UXR-0018,1,Gouvernance du référentiel et langage normatif,MUST,P1,AUTO,Chaque écran doit posséder un propriétaire produit et un propriétaire technique pour les décisions durables.,La fiche d'écran ou CODEOWNERS identifie les responsabilités.,"S04,S23,S30,S31",active,1.0.0
UXR-0019,1,Gouvernance du référentiel et langage normatif,MUST,P1,SEMI,"Une décision UI structurante doit être enregistrée lorsqu'elle affecte plusieurs écrans, le design system ou un parcours critique.","Un ADR UX contient contexte, options, décision, conséquences et date de réévaluation.","S04,S23,S30,S31",active,1.0.0
UXR-0020,1,Gouvernance du référentiel et langage normatif,MUST,P0,SEMI,"Le référentiel doit être lu comme une norme de construction, non comme une liste décorative de conseils.",Le protocole Codex exige une auto-évaluation par identifiants avant de déclarer la tâche terminée.,"S04,S23,S30,S31",active,1.0.0
UXR-0021,2,Recherche utilisateur et conception centrée humain,MUST,P0,MANUAL,"Une fonctionnalité doit répondre à un problème utilisateur observé, documenté ou explicitement hypothétique.",La source du besoin est citée et les hypothèses non validées sont marquées comme telles.,"S04,S05,S06,S17",active,1.0.0
UXR-0022,2,Recherche utilisateur et conception centrée humain,MUST,P1,MANUAL,La recherche doit étudier le travail à accomplir et pas seulement les opinions déclarées des utilisateurs.,"Les notes couvrent tâches, outils, contournements, contraintes, interruptions et critères de succès.","S04,S05,S06,S17",active,1.0.0
UXR-0023,2,Recherche utilisateur et conception centrée humain,MUST,P1,MANUAL,Les rôles à haut enjeu doivent être observés dans leur contexte réel ou dans une simulation fidèle avant de figer le parcours.,Une session contextuelle ou un test de scénario métier est consigné.,"S04,S05,S06,S17",active,1.0.0
UXR-0024,2,Recherche utilisateur et conception centrée humain,MUST NOT,P0,MANUAL,Une seule personne interne ne doit pas être utilisée comme substitut permanent de l'ensemble des utilisateurs.,Les décisions critiques reposent sur plusieurs profils ou sont marquées comme provisoires.,"S04,S05,S06,S17",active,1.0.0
UXR-0025,2,Recherche utilisateur et conception centrée humain,SHOULD,P1,MANUAL,"La recherche doit inclure des utilisateurs novices, réguliers, experts, administrateurs et utilisateurs occasionnels lorsque ces profils existent.",Le plan de recrutement couvre les niveaux de maîtrise pertinents.,"S04,S05,S06,S17",active,1.0.0
UXR-0026,2,Recherche utilisateur et conception centrée humain,MUST,P0,MANUAL,Les personnes en situation de handicap doivent être incluses dans la recherche des parcours critiques.,"Le plan de test inclut des besoins visuels, moteurs, auditifs ou cognitifs pertinents.","S04,S05,S06,S17",active,1.0.0
UXR-0027,2,Recherche utilisateur et conception centrée humain,SHOULD,P1,MANUAL,"Les situations de stress, faible bande passante, mobilité, interruption et urgence doivent être considérées comme des contextes d'usage à part entière.",Les scénarios de recherche et d'acceptation couvrent les contextes dégradés.,"S04,S05,S06,S17",active,1.0.0
UXR-0028,2,Recherche utilisateur et conception centrée humain,MUST,P1,MANUAL,Chaque étude doit définir la question de recherche avant de choisir la méthode.,"Le protocole sépare objectif, participants, tâches, métriques et analyse.","S04,S05,S06,S17",active,1.0.0
UXR-0029,2,Recherche utilisateur et conception centrée humain,MUST NOT,P1,MANUAL,Un test d'utilisabilité ne doit pas être transformé en démonstration guidée du produit.,Le facilitateur laisse l'utilisateur tenter la tâche avant d'aider.,"S04,S05,S06,S17",active,1.0.0
UXR-0030,2,Recherche utilisateur et conception centrée humain,MUST,P1,MANUAL,"Les tâches de test doivent être formulées comme des objectifs réalistes, non comme des instructions révélant les contrôles à utiliser.",Le script évite les termes exacts des boutons et menus testés.,"S04,S05,S06,S17",active,1.0.0
UXR-0031,2,Recherche utilisateur et conception centrée humain,MUST,P1,MANUAL,"Les observations doivent distinguer fait observé, interprétation et recommandation.","Le rapport utilise des champs séparés pour preuve, hypothèse et décision.","S04,S05,S06,S17",active,1.0.0
UXR-0032,2,Recherche utilisateur et conception centrée humain,SHOULD,P2,SEMI,"La gravité d'un problème doit combiner fréquence, impact, persistance et criticité métier.",La priorisation expose les quatre dimensions ou une méthode équivalente.,"S04,S05,S06,S17",active,1.0.0
UXR-0033,2,Recherche utilisateur et conception centrée humain,MUST,P1,MANUAL,Une décision ne doit pas être généralisée à partir d'un cas isolé sans signaler l'incertitude.,Le rapport mentionne taille d'échantillon et niveau de confiance qualitatif.,"S04,S05,S06,S17",active,1.0.0
UXR-0034,2,Recherche utilisateur et conception centrée humain,SHOULD,P1,MANUAL,Les prototypes doivent être testés au niveau de fidélité le plus faible permettant de répondre à la question.,Le choix de fidélité est justifié pour éviter du travail visuel prématuré.,"S04,S05,S06,S17",active,1.0.0
UXR-0035,2,Recherche utilisateur et conception centrée humain,MUST,P1,MANUAL,Les résultats contradictoires doivent être conservés et examinés plutôt que supprimés pour simplifier le récit.,Le rapport présente les divergences et leurs hypothèses explicatives.,"S04,S05,S06,S17",active,1.0.0
UXR-0036,2,Recherche utilisateur et conception centrée humain,SHOULD,P2,SEMI,Les utilisateurs doivent pouvoir signaler une friction depuis le produit lorsque cela est compatible avec la sécurité et la confidentialité.,"Un canal contextuel relie l'écran, l'état et le retour sans collecter de données excessives.","S04,S05,S06,S17",active,1.0.0
UXR-0037,2,Recherche utilisateur et conception centrée humain,MUST,P1,SEMI,"Les décisions issues de recherche doivent être traçables vers des exigences, règles ou tickets.",Chaque insight retenu possède un lien vers son implémentation ou son rejet motivé.,"S04,S05,S06,S17",active,1.0.0
UXR-0038,2,Recherche utilisateur et conception centrée humain,SHOULD,P2,SEMI,"Les recherches anciennes doivent être réévaluées lorsque le rôle, le workflow ou les contraintes techniques changent significativement.",La date et le périmètre de validité de chaque insight sont visibles.,"S04,S05,S06,S17",active,1.0.0
UXR-0039,2,Recherche utilisateur et conception centrée humain,MUST,P0,MANUAL,"Aucune optimisation mesurée ne doit dégrader un droit, une accessibilité ou une sécurité au nom de la conversion ou de la vitesse.",L'analyse inclut des garde-fous qualitatifs et non seulement une métrique business.,"S04,S05,S06,S17",active,1.0.0
UXR-0040,2,Recherche utilisateur et conception centrée humain,MUST,P1,SEMI,La conception centrée humain doit rester itérative après la mise en production.,"Le plan de release prévoit observation, mesure, retours et cycle de correction.","S04,S05,S06,S17",active,1.0.0
UXR-0041,3,"Objectif produit, tâche et contrat d'exploitation de page",MUST,P0,MANUAL,Chaque écran doit avoir un objectif opérationnel formulable en une phrase sans décrire sa mise en page.,Le Page Operating Contract contient un objectif centré sur le résultat utilisateur.,"S04,S06,S30",active,1.0.0
UXR-0042,3,"Objectif produit, tâche et contrat d'exploitation de page",MUST,P0,MANUAL,"Chaque écran doit identifier les utilisateurs autorisés, leur contexte et leur fréquence d'usage.","La fiche de page liste rôles, moments d'usage et niveau d'expertise.","S04,S06,S30",active,1.0.0
UXR-0043,3,"Objectif produit, tâche et contrat d'exploitation de page",MUST,P0,MANUAL,Chaque écran doit lister les principales questions métier auxquelles il permet de répondre.,Les questions sont traduites en ordre de lecture et en données nécessaires.,"S04,S06,S30",active,1.0.0
UXR-0044,3,"Objectif produit, tâche et contrat d'exploitation de page",MUST,P0,MANUAL,"Chaque écran doit distinguer informations primaires, secondaires et détaillées.",Le layout et le responsive respectent cette hiérarchie.,"S04,S06,S30",active,1.0.0
UXR-0045,3,"Objectif produit, tâche et contrat d'exploitation de page",MUST,P0,SEMI,"Chaque écran doit définir ses actions principales, secondaires, contextuelles et dangereuses.",La spécification relie chaque action à une capability et à une permission.,"S04,S06,S30",active,1.0.0
UXR-0046,3,"Objectif produit, tâche et contrat d'exploitation de page",MUST,P0,MANUAL,Une page ne doit pas exister uniquement parce qu'une route ou une API existe.,Son utilité est démontrée par une tâche et un résultat utilisateur.,"S04,S06,S30",active,1.0.0
UXR-0047,3,"Objectif produit, tâche et contrat d'exploitation de page",MUST,P1,MANUAL,Une page doit optimiser une tâche principale avant d'ajouter des fonctionnalités périphériques.,"Le CTA, le contenu et la navigation reflètent la priorité déclarée.","S04,S06,S30",active,1.0.0
UXR-0048,3,"Objectif produit, tâche et contrat d'exploitation de page",MUST NOT,P0,SEMI,"Une donnée ne doit pas être affichée sans expliquer sa signification, son périmètre et son utilité pour la décision.","Les métriques possèdent unité, période, provenance et accès aux contributeurs.","S04,S06,S30",active,1.0.0
UXR-0049,3,"Objectif produit, tâche et contrat d'exploitation de page",MUST,P0,AUTO,Une action visible doit produire un effet réel ou être explicitement désactivée avec une raison vérifiable.,Le test relie le contrôle à un endpoint ou à une route réelle.,"S04,S06,S30",active,1.0.0
UXR-0050,3,"Objectif produit, tâche et contrat d'exploitation de page",MUST,P0,MANUAL,"Chaque parcours critique doit suivre Observer, Comprendre, Investiguer, Agir, Vérifier.",La cartographie montre les cinq étapes ou justifie celles qui ne s'appliquent pas.,"S04,S06,S30",active,1.0.0
UXR-0051,3,"Objectif produit, tâche et contrat d'exploitation de page",MUST,P1,MANUAL,"Le test des cinq secondes doit permettre d'identifier où l'on est, l'état, l'exception, l'information principale et l'action possible.",Une revue ou un test rapide valide ces cinq réponses sans explication orale.,"S04,S06,S30",active,1.0.0
UXR-0052,3,"Objectif produit, tâche et contrat d'exploitation de page",MUST,P1,SEMI,Une page doit rester utile lorsque les couleurs et effets visuels sont retirés.,La structure sémantique et l'ordre du contenu conservent le sens.,"S04,S06,S30",active,1.0.0
UXR-0053,3,"Objectif produit, tâche et contrat d'exploitation de page",MUST,P0,SEMI,Le niveau d'autorité d'une information doit être explicite lorsque plusieurs sources ou agents contribuent.,"Le rendu distingue données canoniques, calculs, recommandations et hypothèses.","S04,S06,S30",active,1.0.0
UXR-0054,3,"Objectif produit, tâche et contrat d'exploitation de page",MUST,P1,MANUAL,Les critères de réussite d'un écran doivent être mesurables sans réduire la qualité à un seul KPI business.,"La fiche combine réussite de tâche, erreurs, temps, compréhension et garde-fous.","S04,S06,S30",active,1.0.0
UXR-0055,3,"Objectif produit, tâche et contrat d'exploitation de page",MUST NOT,P1,SEMI,Une page ne doit pas dupliquer une autre page sans différence claire de tâche ou de profondeur.,L'inventaire des routes explique la responsabilité unique de chaque vue.,"S04,S06,S30",active,1.0.0
UXR-0056,3,"Objectif produit, tâche et contrat d'exploitation de page",SHOULD,P2,MANUAL,Les informations répétées entre pages doivent servir le contexte local plutôt que recopier un dashboard global.,La répétition est justifiée par une décision immédiate de l'utilisateur.,"S04,S06,S30",active,1.0.0
UXR-0057,3,"Objectif produit, tâche et contrat d'exploitation de page",MUST,P1,SEMI,"Chaque écran doit définir ses états loading, empty, partial, stale, disconnected, forbidden, conflict, error et ready lorsqu'ils sont applicables.",La matrice de page et les stories couvrent ces états.,"S04,S06,S30",active,1.0.0
UXR-0058,3,"Objectif produit, tâche et contrat d'exploitation de page",MUST,P0,AUTO,"Chaque écran doit définir ce qui constitue un zéro réel, une absence, un inconnu et un non-applicable.",Le mapping de données utilise des états discriminés plutôt que des fallbacks numériques.,"S04,S06,S30",active,1.0.0
UXR-0059,3,"Objectif produit, tâche et contrat d'exploitation de page",MUST,P1,AUTO,"Chaque page de détail doit posséder une identité stable, une URL partageable et un retour contextuel.",Deux IDs produisent deux ressources et l'état de liste est restauré au retour.,"S04,S06,S30",active,1.0.0
UXR-0060,3,"Objectif produit, tâche et contrat d'exploitation de page",MUST,P0,SEMI,"La construction d'un écran ne peut commencer sans contrat minimal sur objectif, données, actions, états et permissions.",La tâche est bloquée tant que ces cinq éléments ne sont pas définis.,"S04,S06,S30",active,1.0.0
UXR-0061,4,Architecture de l'information et modèle mental,MUST,P1,MANUAL,L'architecture de l'information doit utiliser le vocabulaire des utilisateurs et du domaine.,Les libellés sont validés contre le glossaire métier et la recherche.,"S05,S06,S10",active,1.0.0
UXR-0062,4,Architecture de l'information et modèle mental,MUST NOT,P1,MANUAL,"La navigation ne doit pas exposer directement les couches techniques, noms de microservices ou structures de base de données aux utilisateurs non techniques.",Les termes techniques restent dans un inspecteur ou un espace administrateur.,"S05,S06,S10",active,1.0.0
UXR-0063,4,Architecture de l'information et modèle mental,MUST,P1,MANUAL,Les catégories principales doivent être mutuellement compréhensibles même si elles ne sont pas mathématiquement exclusives.,Un test de tri de cartes ou une revue métier valide le classement.,"S05,S06,S10",active,1.0.0
UXR-0064,4,Architecture de l'information et modèle mental,MUST,P1,SEMI,"Un objet métier doit conserver le même nom et la même identité à travers liste, détail, recherche, notification et audit.",Les composants utilisent un modèle d'entité partagé et des libellés cohérents.,"S05,S06,S10",active,1.0.0
UXR-0065,4,Architecture de l'information et modèle mental,MUST,P1,AUTO,Les relations entre objets doivent être explicites et navigables dans les deux sens lorsque le métier le permet.,"Les pages de détail affichent relation, statut, date et lien vers l'objet associé.","S05,S06,S10",active,1.0.0
UXR-0066,4,Architecture de l'information et modèle mental,MUST,P1,MANUAL,"La profondeur de l'arborescence doit être déterminée par les tâches, pas par une limite arbitraire de niveaux.",Les parcours fréquents restent directs et les détails rares restent accessibles.,"S05,S06,S10",active,1.0.0
UXR-0067,4,Architecture de l'information et modèle mental,SHOULD,P2,MANUAL,"Les regroupements doivent être testés avec des exemples réels, y compris les cas ambigus.",Les objets limites sont documentés et ne créent pas de catégorie fourre-tout.,"S05,S06,S10",active,1.0.0
UXR-0068,4,Architecture de l'information et modèle mental,MUST NOT,P1,SEMI,Une catégorie « Autres » ne doit pas devenir le dépôt permanent des contenus mal classés.,Son volume et ses usages sont suivis et déclenchent une refonte si récurrents.,"S05,S06,S10",active,1.0.0
UXR-0069,4,Architecture de l'information et modèle mental,MUST,P1,MANUAL,Les contenus critiques doivent rester trouvables par navigation et par recherche lorsqu'une recherche existe.,Un test utilisateur peut atteindre l'information par au moins un chemin prévisible.,"S05,S06,S10",active,1.0.0
UXR-0070,4,Architecture de l'information et modèle mental,MUST,P1,AUTO,"Le système doit révéler la portée d'un changement de contexte comme environnement, tenant, établissement, compte ou période.",Le contexte est visible dans le shell et propagé aux routes et requêtes.,"S05,S06,S10",active,1.0.0
UXR-0071,4,Architecture de l'information et modèle mental,MUST,P0,AUTO,Une information agrégée doit permettre d'atteindre les objets qui la composent.,Le clic ou l'action « contributeurs » applique un filtre ou ouvre un breakdown réel.,"S05,S06,S10",active,1.0.0
UXR-0072,4,Architecture de l'information et modèle mental,MUST,P1,SEMI,"Les pages doivent distinguer clairement vue globale, vue opérationnelle, détail et analyse profonde.","La route, le titre, les breadcrumbs et le layout reflètent le niveau L0 à L3.","S05,S06,S10",active,1.0.0
UXR-0073,4,Architecture de l'information et modèle mental,MUST,P1,AUTO,Les filtres structurants doivent être traités comme partie de l'architecture de l'information.,"Leur état est visible, partageable et restauré.","S05,S06,S10",active,1.0.0
UXR-0074,4,Architecture de l'information et modèle mental,SHOULD,P2,SEMI,Les synonymes courants et anciennes appellations doivent être indexés dans la recherche sans polluer les libellés principaux.,Le catalogue de recherche inclut alias et mots-clés contrôlés.,"S05,S06,S10",active,1.0.0
UXR-0075,4,Architecture de l'information et modèle mental,MUST,P1,MANUAL,"Les contenus doivent être ordonnés selon l'urgence, la fréquence ou la séquence de tâche pertinente.","L'ordre est justifié par le contrat de page, non par la facilité d'implémentation.","S05,S06,S10",active,1.0.0
UXR-0076,4,Architecture de l'information et modèle mental,MUST NOT,P1,AUTO,L'ordre visuel ne doit pas contredire l'ordre sémantique ou clavier.,Le DOM et le parcours de focus suivent un ordre logique.,"S05,S06,S10",active,1.0.0
UXR-0077,4,Architecture de l'information et modèle mental,MUST,P1,SEMI,"Les objets archivés, supprimés, suspendus ou indisponibles doivent conserver une représentation intelligible dans les relations et audits.",Le lien explique l'état et n'aboutit pas à un vide trompeur.,"S05,S06,S10",active,1.0.0
UXR-0078,4,Architecture de l'information et modèle mental,SHOULD,P2,MANUAL,Les informations secondaires doivent être progressivement révélées sans cacher ce qui est nécessaire pour décider.,Une personne peut terminer la tâche principale sans ouvrir tous les détails.,"S05,S06,S10",active,1.0.0
UXR-0079,4,Architecture de l'information et modèle mental,MUST,P1,AUTO,"Chaque changement majeur d'arborescence doit prévoir redirections, compatibilité des liens et migration des favoris.",Les anciennes URLs sont testées ou documentées comme rompues volontairement.,"S05,S06,S10",active,1.0.0
UXR-0080,4,Architecture de l'information et modèle mental,MUST,P1,SEMI,L'architecture de l'information doit être documentée sous forme d'arbre et de graphe de relations métier.,Les deux représentations sont versionnées avec les routes et les capabilities.,"S05,S06,S10",active,1.0.0
UXR-0081,5,"Navigation, orientation et repérage",MUST,P0,AUTO,La navigation principale doit provenir d'une source de vérité unique liée aux routes et aux capabilities.,"Sidebar, breadcrumbs, palette et mobile lisent le même registre.","S05,S06,S10,S15",active,1.0.0
UXR-0082,5,"Navigation, orientation et repérage",MUST,P1,AUTO,L'élément de navigation actif doit être identifiable sans dépendre uniquement de la couleur.,"Un indicateur de forme, position, texte ou icône complète la couleur.","S05,S06,S10,S15",active,1.0.0
UXR-0083,5,"Navigation, orientation et repérage",MUST,P1,AUTO,Chaque page L2 ou plus profonde doit afficher des breadcrumbs cohérents et cliquables.,Le chemin reflète la hiérarchie réelle et possède des noms humains.,"S05,S06,S10,S15",active,1.0.0
UXR-0084,5,"Navigation, orientation et repérage",MUST,P1,AUTO,"Le bouton retour doit préserver filtres, tri, pagination, onglet, sélection et position de scroll lorsque le contexte l'exige.",Un test E2E revient à la liste sans réinitialisation inattendue.,"S05,S06,S10,S15",active,1.0.0
UXR-0085,5,"Navigation, orientation et repérage",MUST NOT,P0,AUTO,Une destination autorisée sur desktop ne doit pas devenir inaccessible sur mobile.,Le menu mobile expose tous les domaines disponibles via navigation directe ou « Plus ».,"S05,S06,S10,S15",active,1.0.0
UXR-0086,5,"Navigation, orientation et repérage",MUST,P1,MANUAL,"Les libellés de navigation doivent décrire une destination ou une tâche, pas une métaphore ambiguë.",Un nouvel utilisateur peut prédire le contenu de la destination.,"S05,S06,S10,S15",active,1.0.0
UXR-0087,5,"Navigation, orientation et repérage",MUST,P1,AUTO,Les liens doivent naviguer et les boutons doivent déclencher une action.,Les éléments utilisent les sémantiques HTML et comportements attendus.,"S05,S06,S10,S15",active,1.0.0
UXR-0088,5,"Navigation, orientation et repérage",MUST NOT,P1,AUTO,"Un lien ne doit pas être stylé comme désactivé tout en restant activable, ni inversement.","L'état visuel, sémantique et fonctionnel est cohérent.","S05,S06,S10,S15",active,1.0.0
UXR-0089,5,"Navigation, orientation et repérage",MUST,P1,SEMI,Les changements de contexte majeurs doivent être visibles avant et après navigation.,"Le shell montre environnement, périmètre et identité sélectionnés.","S05,S06,S10,S15",active,1.0.0
UXR-0090,5,"Navigation, orientation et repérage",SHOULD,P2,MANUAL,Une palette de commandes peut accélérer la navigation experte sans remplacer les parcours visibles des novices.,Toutes les destinations importantes restent accessibles sans raccourci.,"S05,S06,S10,S15",active,1.0.0
UXR-0091,5,"Navigation, orientation et repérage",MUST,P1,SEMI,"Les raccourcis clavier globaux doivent être découvrables, personnalisables si nécessaire et non conflictuels avec le navigateur ou les aides techniques.",Une aide liste les raccourcis et les tests couvrent les conflits.,"S05,S06,S10,S15",active,1.0.0
UXR-0092,5,"Navigation, orientation et repérage",MUST NOT,P1,MANUAL,Le logo ne doit pas être le seul moyen de revenir à l'accueil si sa fonction n'est pas évidente.,Une destination « Accueil » ou équivalente reste identifiable.,"S05,S06,S10,S15",active,1.0.0
UXR-0093,5,"Navigation, orientation et repérage",MUST,P1,AUTO,Les liens externes doivent être signalés lorsque leur ouverture ou leur contexte diffère de la navigation interne.,Le libellé ou l'icône possède une alternative accessible.,"S05,S06,S10,S15",active,1.0.0
UXR-0094,5,"Navigation, orientation et repérage",SHOULD NOT,P2,AUTO,Une nouvelle fenêtre ne devrait pas être ouverte sans bénéfice clair pour la tâche.,Toute ouverture externe est annoncée et sécurisée avec rel approprié.,"S05,S06,S10,S15",active,1.0.0
UXR-0095,5,"Navigation, orientation et repérage",MUST,P1,AUTO,Les routes protégées doivent expliquer un refus plutôt que rediriger silencieusement vers une page sans rapport.,Un 403 dédié décrit la capability manquante et le recours possible.,"S05,S06,S10,S15",active,1.0.0
UXR-0096,5,"Navigation, orientation et repérage",MUST,P1,MANUAL,Les erreurs 404 doivent proposer des voies de récupération adaptées au contexte.,"La page offre recherche, parent pertinent ou retour sécurisé.","S05,S06,S10,S15",active,1.0.0
UXR-0097,5,"Navigation, orientation et repérage",SHOULD,P2,SEMI,Les sections longues doivent offrir une navigation locale ou des ancres lorsque le balayage devient difficile.,Les titres et ancres restent synchronisés avec le scroll.,"S05,S06,S10,S15",active,1.0.0
UXR-0098,5,"Navigation, orientation et repérage",MUST NOT,P1,MANUAL,Les tabs ne doivent pas être utilisées pour masquer des étapes séquentielles obligatoires.,Un workflow séquentiel utilise des étapes ou pages distinctes.,"S05,S06,S10,S15",active,1.0.0
UXR-0099,5,"Navigation, orientation et repérage",MUST,P1,AUTO,Les onglets partageables doivent être encodés dans l'URL ou restaurables de manière déterministe.,Le rafraîchissement conserve l'onglet actif.,"S05,S06,S10,S15",active,1.0.0
UXR-0100,5,"Navigation, orientation et repérage",MUST,P1,SEMI,"La navigation doit être testée avec clavier, lecteur d'écran, zoom, mobile et permissions réduites.",La matrice E2E couvre ces cinq contextes.,"S05,S06,S10,S15",active,1.0.0
UXR-0101,6,"Profondeur de page, drill-down, drawers et sous-pages",MUST,P1,MANUAL,Une vue L0 doit répondre à « que se passe-t-il et où regarder » sans prétendre contenir toute l'analyse.,"Le contenu priorise état, exceptions, tendances et accès aux domaines propriétaires.","S06,S30",active,1.0.0
UXR-0102,6,"Profondeur de page, drill-down, drawers et sous-pages",MUST,P1,MANUAL,"Une vue L1 doit permettre de filtrer, comparer, sélectionner et agir sur les objets du domaine.",La page possède les manipulations nécessaires à la tâche opérationnelle.,"S06,S30",active,1.0.0
UXR-0103,6,"Profondeur de page, drill-down, drawers et sous-pages",MUST,P1,AUTO,"Une vue L2 doit être une page adressable lorsqu'un objet possède plusieurs informations, relations, actions ou historiques.",La route contient un identifiant réel et survit au rafraîchissement.,"S06,S30",active,1.0.0
UXR-0104,6,"Profondeur de page, drill-down, drawers et sous-pages",MUST,P1,MANUAL,"Une vue L3 doit regrouper preuves, comparaisons, logs ou contributions sans surcharger le résumé L2.",Les analyses profondes sont accessibles par onglet ou sous-route partageable.,"S06,S30",active,1.0.0
UXR-0105,6,"Profondeur de page, drill-down, drawers et sous-pages",MUST,P1,MANUAL,Un drawer doit servir à un aperçu rapide qui conserve le contexte de liste.,Il permet de consulter les faits essentiels et d'ouvrir la page complète.,"S06,S30",active,1.0.0
UXR-0106,6,"Profondeur de page, drill-down, drawers et sous-pages",MUST NOT,P1,MANUAL,Un drawer ne doit pas devenir la page principale d'un objet complexe.,"Les workflows longs, historiques et multi-onglets basculent vers une route dédiée.","S06,S30",active,1.0.0
UXR-0107,6,"Profondeur de page, drill-down, drawers et sous-pages",MUST,P1,MANUAL,"Une modal doit être réservée à une confirmation, une saisie courte ou une décision bloquante.",Le contenu tient dans une tâche brève et possède une sortie claire.,"S06,S30",active,1.0.0
UXR-0108,6,"Profondeur de page, drill-down, drawers et sous-pages",MUST NOT,P1,MANUAL,Une modal ne doit pas contenir une navigation secondaire profonde ou un tableau d'investigation durable.,La spécification crée une page ou sous-page à la place.,"S06,S30",active,1.0.0
UXR-0109,6,"Profondeur de page, drill-down, drawers et sous-pages",MUST,P1,AUTO,Tout élément agrégé cliquable doit ouvrir un breakdown cohérent avec la valeur affichée.,"Les filtres, période, unité et périmètre sont transmis au détail.","S06,S30",active,1.0.0
UXR-0110,6,"Profondeur de page, drill-down, drawers et sous-pages",MUST,P1,SEMI,Le niveau de drill-down doit être déterminé avant l'implémentation du composant.,"La Screen Specification décrit destination, données et comportement du retour.","S06,S30",active,1.0.0
UXR-0111,6,"Profondeur de page, drill-down, drawers et sous-pages",MUST,P1,MANUAL,Un clic sur une ligne ou une carte doit avoir un résultat prévisible et cohérent dans tout le produit.,Le pattern de navigation est documenté et partagé.,"S06,S30",active,1.0.0
UXR-0112,6,"Profondeur de page, drill-down, drawers et sous-pages",SHOULD,P2,MANUAL,L'aperçu rapide doit éviter de répéter intégralement la page de détail.,Il montre seulement les informations nécessaires pour décider d'aller plus loin.,"S06,S30",active,1.0.0
UXR-0113,6,"Profondeur de page, drill-down, drawers et sous-pages",MUST,P1,SEMI,Les pages de détail doivent exposer les relations métier et non seulement les propriétés de l'objet.,Au moins les relations utiles à l'investigation sont navigables.,"S06,S30",active,1.0.0
UXR-0114,6,"Profondeur de page, drill-down, drawers et sous-pages",MUST,P1,AUTO,Le retour depuis un détail doit conserver l'objet ou la ligne d'origine visible lorsque possible.,La sélection et le scroll sont restaurés ou un repère est fourni.,"S06,S30",active,1.0.0
UXR-0115,6,"Profondeur de page, drill-down, drawers et sous-pages",MUST NOT,P1,MANUAL,Le drill-down ne doit pas aboutir à une page plus pauvre que l'aperçu qui l'a déclenché.,"La page dédiée ajoute contexte, historique, relations ou actions vérifiables.","S06,S30",active,1.0.0
UXR-0116,6,"Profondeur de page, drill-down, drawers et sous-pages",MUST,P1,AUTO,"Les routes de détail doivent renvoyer 404 ou 403 réels, jamais un objet par défaut ou le premier objet disponible.",Les tests comparent plusieurs IDs valides et invalides.,"S06,S30",active,1.0.0
UXR-0117,6,"Profondeur de page, drill-down, drawers et sous-pages",MUST,P1,AUTO,Les pages parentes doivent pouvoir refléter un changement effectué dans un détail sans rechargement global inutile.,Le cache est invalidé précisément et l'état de liste reste cohérent.,"S06,S30",active,1.0.0
UXR-0118,6,"Profondeur de page, drill-down, drawers et sous-pages",SHOULD,P2,SEMI,Les liens profonds doivent pouvoir être partagés sans révéler des informations non autorisées dans l'URL.,Les paramètres sensibles restent côté serveur ou sont opaques.,"S06,S30",active,1.0.0
UXR-0119,6,"Profondeur de page, drill-down, drawers et sous-pages",MUST,P1,SEMI,Les sous-pages doivent partager un header d'entité stable pour réduire la désorientation.,"Nom, statut, contexte et actions essentielles restent cohérents entre onglets.","S06,S30",active,1.0.0
UXR-0120,6,"Profondeur de page, drill-down, drawers et sous-pages",MUST,P1,AUTO,"La profondeur finale doit être validée sur un parcours complet, pas uniquement écran par écran.","Un test E2E traverse L0, L1, L2, L3 et revient au contexte initial.","S06,S30",active,1.0.0
UXR-0121,7,"Layout, grille et hiérarchie visuelle",MUST,P1,MANUAL,Le layout doit refléter l'ordre de décision défini par le contrat de page.,"Les premières zones contiennent contexte, état, exception et action principale.","S07,S08,S09,S11,S15",active,1.0.0
UXR-0122,7,"Layout, grille et hiérarchie visuelle",MUST,P1,SEMI,Les alignements doivent suivre une grille ou des lignes directrices cohérentes.,"Les bords, titres, valeurs et contrôles partagent des axes visibles.","S07,S08,S09,S11,S15",active,1.0.0
UXR-0123,7,"Layout, grille et hiérarchie visuelle",MUST NOT,P1,MANUAL,Les espaces vides ne doivent pas être remplis par des cartes ou graphiques sans question utilisateur.,Chaque bloc possède un objectif et une source de données.,"S07,S08,S09,S11,S15",active,1.0.0
UXR-0124,7,"Layout, grille et hiérarchie visuelle",MUST,P1,MANUAL,"La hiérarchie doit utiliser d'abord position, taille, espacement et typographie avant la couleur ou l'ombre.",Le sens reste compréhensible en niveaux de gris.,"S07,S08,S09,S11,S15",active,1.0.0
UXR-0125,7,"Layout, grille et hiérarchie visuelle",MUST,P1,MANUAL,"Les éléments les plus importants doivent recevoir la plus grande priorité visuelle, pas nécessairement la plus grande surface.",La revue compare priorité métier et saillance perceptive.,"S07,S08,S09,S11,S15",active,1.0.0
UXR-0126,7,"Layout, grille et hiérarchie visuelle",MUST,P1,MANUAL,Les groupes visuels doivent correspondre à des relations sémantiques réelles.,La proximité et le contenant n'associent pas des informations sans lien.,"S07,S08,S09,S11,S15",active,1.0.0
UXR-0127,7,"Layout, grille et hiérarchie visuelle",SHOULD,P2,MANUAL,Le nombre de niveaux de surface simultanés doit rester limité pour éviter l'effet de panneaux imbriqués.,Les cartes dans les cartes sont supprimées ou justifiées.,"S07,S08,S09,S11,S15",active,1.0.0
UXR-0128,7,"Layout, grille et hiérarchie visuelle",MUST,P1,MANUAL,Les lignes de lecture et la densité doivent être adaptées à la tâche et au niveau d'expertise.,Le profil workstation n'utilise pas les mêmes espacements que le tactile.,"S07,S08,S09,S11,S15",active,1.0.0
UXR-0129,7,"Layout, grille et hiérarchie visuelle",MUST,P1,AUTO,Les zones interactives ne doivent pas se chevaucher ou dépendre de coordonnées fragiles.,Le layout reste utilisable au zoom et avec contenu long.,"S07,S08,S09,S11,S15",active,1.0.0
UXR-0130,7,"Layout, grille et hiérarchie visuelle",MUST NOT,P1,AUTO,Le positionnement absolu ne doit pas être utilisé pour la structure principale d'une page responsive.,"La mise en page principale repose sur grid, flex ou flux normal.","S07,S08,S09,S11,S15",active,1.0.0
UXR-0131,7,"Layout, grille et hiérarchie visuelle",MUST,P1,SEMI,Les largeurs maximales de contenu textuel doivent préserver une longueur de ligne lisible.,Les paragraphes ne s'étendent pas sur toute une grande workstation sans contrainte.,"S07,S08,S09,S11,S15",active,1.0.0
UXR-0132,7,"Layout, grille et hiérarchie visuelle",MUST,P1,AUTO,Les tableaux et graphiques doivent disposer d'un espace suffisant ou basculer vers un mode adapté.,Aucun contenu critique n'est compressé au point de devenir illisible.,"S07,S08,S09,S11,S15",active,1.0.0
UXR-0133,7,"Layout, grille et hiérarchie visuelle",SHOULD,P2,MANUAL,Les layouts répétitifs entre domaines doivent être évités lorsque les questions métier diffèrent.,Chaque page choisit la structure qui sert sa tâche principale.,"S07,S08,S09,S11,S15",active,1.0.0
UXR-0134,7,"Layout, grille et hiérarchie visuelle",MUST,P1,MANUAL,Une zone principale doit être identifiable sans ambiguïté parmi les panneaux secondaires.,Le focus visuel et la structure de titres désignent le contenu central.,"S07,S08,S09,S11,S15",active,1.0.0
UXR-0135,7,"Layout, grille et hiérarchie visuelle",MUST,P1,MANUAL,Les contrôles liés à une zone doivent être placés près de cette zone.,Un filtre local ne semble pas agir sur toute la page et inversement.,"S07,S08,S09,S11,S15",active,1.0.0
UXR-0136,7,"Layout, grille et hiérarchie visuelle",MUST,P1,AUTO,Les variations de hauteur dues au chargement doivent être réservées pour limiter les déplacements de layout.,"Skeletons, dimensions d'images et placeholders stabilisent la géométrie.","S07,S08,S09,S11,S15",active,1.0.0
UXR-0137,7,"Layout, grille et hiérarchie visuelle",SHOULD,P2,SEMI,Les panneaux secondaires peuvent être repliables sur laptop lorsque leur absence ne bloque pas la décision.,L'état replié est mémorisé et accessible.,"S07,S08,S09,S11,S15",active,1.0.0
UXR-0138,7,"Layout, grille et hiérarchie visuelle",MUST,P1,AUTO,Les contenus proches du bord d'écran doivent conserver une marge fonctionnelle et tactile.,Aucun contrôle n'est collé au viewport ou masqué par le système.,"S07,S08,S09,S11,S15",active,1.0.0
UXR-0139,7,"Layout, grille et hiérarchie visuelle",MUST,P1,AUTO,"Le layout doit être testé avec données minimales, maximales, libellés longs et valeurs extrêmes.",Les stories de stress ne produisent ni overlap ni troncature silencieuse.,"S07,S08,S09,S11,S15",active,1.0.0
UXR-0140,7,"Layout, grille et hiérarchie visuelle",MUST,P1,MANUAL,"Toute exception de grille doit être intentionnelle, documentée et visuellement alignée avec le reste du produit.",La PR explique la raison métier ou perceptive de la rupture.,"S07,S08,S09,S11,S15",active,1.0.0
UXR-0141,8,Responsive et conception adaptative,MUST,P0,AUTO,Toutes les fonctionnalités essentielles doivent rester accessibles à 320 CSS px de largeur ou à un zoom équivalent.,Les tests reflow n'imposent pas de scroll horizontal global.,"S01,S08,S09,S15",active,1.0.0
UXR-0142,8,Responsive et conception adaptative,MUST,P0,AUTO,Le texte doit pouvoir être agrandi à 200 % sans perte de contenu ni d'action.,"Le test navigateur vérifie clipping, recouvrement et disparition.","S01,S08,S09,S15",active,1.0.0
UXR-0143,8,Responsive et conception adaptative,MUST,P1,MANUAL,"Le responsive doit prioriser les informations selon leur importance, pas simplement les empiler dans l'ordre DOM existant.",La Screen Specification définit les priorités par profil de viewport.,"S01,S08,S09,S15",active,1.0.0
UXR-0144,8,Responsive et conception adaptative,MUST,P1,MANUAL,"Les breakpoints doivent être déclenchés par la rupture du contenu, non par des modèles d'appareils particuliers.",Les composants s'adaptent lorsque leur contenu ne tient plus correctement.,"S01,S08,S09,S15",active,1.0.0
UXR-0145,8,Responsive et conception adaptative,MUST,P1,AUTO,"Chaque composant de données doit définir ses colonnes, métriques ou actions prioritaires par largeur disponible.",La configuration responsive est explicite et testée.,"S01,S08,S09,S15",active,1.0.0
UXR-0146,8,Responsive et conception adaptative,MUST NOT,P0,AUTO,Une navigation mobile ne doit pas masquer des domaines autorisés par une tranche arbitraire des premiers liens.,Un menu « Plus » ou une navigation complète reste disponible.,"S01,S08,S09,S15",active,1.0.0
UXR-0147,8,Responsive et conception adaptative,MUST,P1,MANUAL,"Une table complexe doit proposer une stratégie mobile dédiée comme liste structurée, colonnes prioritaires ou page détail.",Le mobile ne dépend pas d'un scroll horizontal aveugle pour les tâches courantes.,"S01,S08,S09,S15",active,1.0.0
UXR-0148,8,Responsive et conception adaptative,MUST,P1,MANUAL,Les actions dangereuses doivent rester difficiles à déclencher accidentellement sur écran tactile.,"Elles sont séparées, confirmées et non placées près des actions fréquentes.","S01,S08,S09,S15",active,1.0.0
UXR-0149,8,Responsive et conception adaptative,MUST,P1,AUTO,Les overlays doivent tenir dans le viewport et permettre le scroll interne sans piéger l'utilisateur.,"Les tests couvrent clavier virtuel, orientation et zoom.","S01,S08,S09,S15",active,1.0.0
UXR-0150,8,Responsive et conception adaptative,MUST,P1,MANUAL,Le contenu critique ne doit pas être caché uniquement parce que l'écran est petit.,"Il est reformulé, condensé ou déplacé vers une sous-page accessible.","S01,S08,S09,S15",active,1.0.0
UXR-0151,8,Responsive et conception adaptative,SHOULD,P2,AUTO,"Les layouts workstation peuvent utiliser des rails et panneaux simultanés, mais doivent dégrader vers une colonne principale cohérente.",Le passage de XL à laptop conserve le fil de décision.,"S01,S08,S09,S15",active,1.0.0
UXR-0152,8,Responsive et conception adaptative,MUST,P1,AUTO,Les contrôles de filtre doivent rester visibles ou clairement accessibles sur mobile.,Un indicateur montre les filtres actifs même lorsque le panneau est fermé.,"S01,S08,S09,S15",active,1.0.0
UXR-0153,8,Responsive et conception adaptative,MUST,P1,AUTO,Les changements d'orientation ne doivent pas perdre l'état ou la saisie en cours.,Les composants réutilisent le même modèle d'état lors du reflow.,"S01,S08,S09,S15",active,1.0.0
UXR-0154,8,Responsive et conception adaptative,MUST,P1,AUTO,"Les images, graphiques et canvas doivent avoir des dimensions fluides et des limites explicites.",Ils ne débordent pas et conservent leur alternative textuelle.,"S01,S08,S09,S15",active,1.0.0
UXR-0155,8,Responsive et conception adaptative,SHOULD,P2,SEMI,Le contenu secondaire peut être différé sur mobile pour réduire le coût réseau et cognitif.,Le chargement différé ne bloque pas la tâche principale.,"S01,S08,S09,S15",active,1.0.0
UXR-0156,8,Responsive et conception adaptative,MUST,P1,AUTO,"Les zones fixes comme topbar, bottom nav et toasts ne doivent pas masquer les actions ou le contenu.",Les safe areas et paddings compensatoires sont testés.,"S01,S08,S09,S15",active,1.0.0
UXR-0157,8,Responsive et conception adaptative,MUST,P1,AUTO,"Les états hover doivent posséder un équivalent focus, actif ou explicite sur tactile.",Aucune information nécessaire ne dépend exclusivement du survol.,"S01,S08,S09,S15",active,1.0.0
UXR-0158,8,Responsive et conception adaptative,MUST,P1,SEMI,Le responsive doit être validé avec contenu localisé plus long et direction RTL lorsque le produit le prévoit.,Les captures couvrent au moins une langue expansive et un mode RTL.,"S01,S08,S09,S15",active,1.0.0
UXR-0159,8,Responsive et conception adaptative,MUST,P1,AUTO,"Les tests doivent couvrir Desktop XL, Full HD, laptop, tablette et mobile selon le périmètre du produit.",La matrice de viewports est versionnée et exécutée en CI pour les écrans critiques.,"S01,S08,S09,S15",active,1.0.0
UXR-0160,8,Responsive et conception adaptative,MUST NOT,P1,AUTO,Une propriété CSS zoom ne doit pas être utilisée comme substitut global à une vraie densité responsive.,La densité est exprimée par tokens et composants adaptatifs.,"S01,S08,S09,S15",active,1.0.0
UXR-0161,9,"Typographie, lisibilité et densité textuelle",MUST,P0,AUTO,Aucun texte fonctionnel ne doit être inférieur à 10 px dans le profil workstation interne.,Le linter bloque les tailles sous le seuil hors cas documenté non fonctionnel.,"S01,S08,S09,S15",active,1.0.0
UXR-0162,9,"Typographie, lisibilité et densité textuelle",MUST,P1,SEMI,Le corps de texte courant doit utiliser une taille et une hauteur de ligne adaptées à la lecture prolongée.,Les tokens définissent une rampe lisible et testée au zoom.,"S01,S08,S09,S15",active,1.0.0
UXR-0163,9,"Typographie, lisibilité et densité textuelle",MUST,P1,AUTO,La hiérarchie typographique doit utiliser des rôles sémantiques stables plutôt que des tailles ad hoc par page.,"Les styles portent des noms comme body, label, title et metric.","S01,S08,S09,S15",active,1.0.0
UXR-0164,9,"Typographie, lisibilité et densité textuelle",MUST,P1,AUTO,Une page doit posséder un seul titre principal de niveau 1 décrivant clairement son contenu.,Le DOM contient un h1 unique et pertinent.,"S01,S08,S09,S15",active,1.0.0
UXR-0165,9,"Typographie, lisibilité et densité textuelle",MUST,P1,AUTO,Les niveaux de titres doivent suivre une structure logique sans être choisis pour leur apparence.,Le test de structure ne saute pas de niveau sans justification.,"S01,S08,S09,S15",active,1.0.0
UXR-0166,9,"Typographie, lisibilité et densité textuelle",MUST,P1,AUTO,Les chiffres comparés en colonne doivent utiliser des chiffres tabulaires.,Les tokens ou styles numériques activent la variante appropriée.,"S01,S08,S09,S15",active,1.0.0
UXR-0167,9,"Typographie, lisibilité et densité textuelle",MUST,P1,AUTO,"Les unités, signes, décimales et séparateurs doivent être formatés de façon cohérente selon la locale et le domaine.",Une fonction de formatage centralisée est utilisée.,"S01,S08,S09,S15",active,1.0.0
UXR-0168,9,"Typographie, lisibilité et densité textuelle",MUST NOT,P1,MANUAL,Les majuscules intégrales ne doivent pas être utilisées pour de longs textes ou comme unique hiérarchie.,Elles restent limitées aux labels courts et lisibles.,"S01,S08,S09,S15",active,1.0.0
UXR-0169,9,"Typographie, lisibilité et densité textuelle",MUST,P1,MANUAL,La graisse ne doit pas être la seule différence entre deux niveaux lorsque le contraste hiérarchique est insuffisant.,"Taille, espace ou position complètent la graisse.","S01,S08,S09,S15",active,1.0.0
UXR-0170,9,"Typographie, lisibilité et densité textuelle",MUST,P1,AUTO,Les textes sur une ligne doivent pouvoir se replier sans masquer une information essentielle.,Les libellés longs sont testés et les ellipses possèdent un accès au contenu complet.,"S01,S08,S09,S15",active,1.0.0
UXR-0171,9,"Typographie, lisibilité et densité textuelle",MUST NOT,P1,MANUAL,"Une ellipsis ne doit pas cacher silencieusement un identifiant, une erreur ou une valeur nécessaire à la décision.","Un tooltip accessible, une expansion ou une colonne adaptée expose la valeur.","S01,S08,S09,S15",active,1.0.0
UXR-0172,9,"Typographie, lisibilité et densité textuelle",MUST,P1,SEMI,"Les polices doivent fournir les glyphes, accents, symboles et chiffres nécessaires aux langues et données supportées.",Les tests de glyph coverage couvrent les locales cibles.,"S01,S08,S09,S15",active,1.0.0
UXR-0173,9,"Typographie, lisibilité et densité textuelle",SHOULD,P2,SEMI,Les polices système ou bien optimisées doivent être privilégiées lorsque la marque n'exige pas une famille spécifique.,Le coût réseau et le comportement de fallback sont mesurés.,"S01,S08,S09,S15",active,1.0.0
UXR-0174,9,"Typographie, lisibilité et densité textuelle",MUST,P1,AUTO,Le chargement des polices ne doit pas rendre le texte invisible durablement.,font-display et fallback métriquement compatible sont configurés.,"S01,S08,S09,S15",active,1.0.0
UXR-0175,9,"Typographie, lisibilité et densité textuelle",MUST,P1,AUTO,La longueur de ligne des contenus narratifs doit rester dans une plage confortable.,Un max-width en ch ou token équivalent limite les paragraphes.,"S01,S08,S09,S15",active,1.0.0
UXR-0176,9,"Typographie, lisibilité et densité textuelle",MUST,P1,AUTO,Les labels doivent rester visibles même lorsque le champ contient une valeur.,Les placeholders ne remplacent pas les labels.,"S01,S08,S09,S15",active,1.0.0
UXR-0177,9,"Typographie, lisibilité et densité textuelle",MUST,P1,MANUAL,Les acronymes et abréviations non évidents doivent être développés ou expliqués à la première occurrence.,Le glossaire ou le contenu contextuel fournit l'expansion.,"S01,S08,S09,S15",active,1.0.0
UXR-0178,9,"Typographie, lisibilité et densité textuelle",SHOULD,P2,AUTO,"Les variations de densité doivent modifier spacing et tailles dans une plage sûre, sans réduire la lisibilité sous les seuils.","Les profils workstation, compact et comfortable sont documentés.","S01,S08,S09,S15",active,1.0.0
UXR-0179,9,"Typographie, lisibilité et densité textuelle",MUST,P1,SEMI,"Le texte doit conserver un contraste suffisant dans tous les états interactifs, y compris hover, selected et disabled informatif.",Les tests de contraste couvrent chaque variante.,"S01,S08,S09,S15",active,1.0.0
UXR-0180,9,"Typographie, lisibilité et densité textuelle",MUST,P1,AUTO,"La typographie doit être testée avec zoom 200 %, préférences de taille et contenu réel extrême.",Les golden screens incluent ces scénarios.,"S01,S08,S09,S15",active,1.0.0
UXR-0181,10,"Couleur, contraste, thèmes et états visuels",MUST,P0,AUTO,"Le contraste du texte normal doit atteindre au moins 4,5:1 selon WCAG AA.",Un outil automatisé et une vérification des états réels confirment le ratio.,"S01,S07,S09,S11,S13,S16",active,1.0.0
UXR-0182,10,"Couleur, contraste, thèmes et états visuels",MUST,P0,SEMI,Le contraste des grands textes peut suivre le seuil WCAG de 3:1 uniquement lorsque leur taille et graisse répondent réellement à la définition applicable.,"Le calcul documente taille, poids et arrière-plan.","S01,S07,S09,S11,S13,S16",active,1.0.0
UXR-0183,10,"Couleur, contraste, thèmes et états visuels",MUST,P0,SEMI,"Les composants graphiques essentiels, bordures de contrôle et icônes informatives doivent atteindre au moins 3:1 avec leur environnement adjacent.",Le scan de contraste non textuel couvre tous les états.,"S01,S07,S09,S11,S13,S16",active,1.0.0
UXR-0184,10,"Couleur, contraste, thèmes et états visuels",MUST NOT,P0,AUTO,"La couleur ne doit jamais être l'unique moyen de transmettre statut, tendance, sélection ou erreur.","Un label, une icône, une forme ou un motif redondant est présent.","S01,S07,S09,S11,S13,S16",active,1.0.0
UXR-0185,10,"Couleur, contraste, thèmes et états visuels",MUST,P1,AUTO,Les couleurs doivent provenir de tokens sémantiques et non de valeurs hexadécimales dispersées.,Le linter interdit les couleurs brutes hors fichiers de tokens autorisés.,"S01,S07,S09,S11,S13,S16",active,1.0.0
UXR-0186,10,"Couleur, contraste, thèmes et états visuels",MUST,P1,AUTO,"Les tokens de couleur doivent distinguer primitives, alias sémantiques et tokens de composant.",La chaîne de résolution est documentée et sans cycles.,"S01,S07,S09,S11,S13,S16",active,1.0.0
UXR-0187,10,"Couleur, contraste, thèmes et états visuels",MUST,P1,AUTO,Un statut métier doit utiliser la même sémantique colorimétrique dans tout le produit.,"Le registre de statuts centralise label, icône et token.","S01,S07,S09,S11,S13,S16",active,1.0.0
UXR-0188,10,"Couleur, contraste, thèmes et états visuels",MUST,P1,AUTO,"Les thèmes clair et sombre doivent être conçus et testés séparément, pas obtenus par inversion automatique.",Chaque thème possède des paires de contraste validées.,"S01,S07,S09,S11,S13,S16",active,1.0.0
UXR-0189,10,"Couleur, contraste, thèmes et états visuels",MUST,P1,MANUAL,Les surfaces adjacentes doivent rester distinguables sans dépendre d'ombres excessives.,"Bordure, contraste de surface ou espace suffisent à la séparation.","S01,S07,S09,S11,S13,S16",active,1.0.0
UXR-0190,10,"Couleur, contraste, thèmes et états visuels",MUST NOT,P1,MANUAL,"Une teinte de marque ne doit pas être utilisée pour tous les appels à l'action, statuts et graphiques au détriment de la sémantique.","Les rôles brand, action, info, success, warning et danger sont séparés.","S01,S07,S09,S11,S13,S16",active,1.0.0
UXR-0191,10,"Couleur, contraste, thèmes et états visuels",MUST,P1,AUTO,"Les états hover, focus, pressed, selected, disabled et loading doivent être perceptibles et cohérents.",La story de chaque composant expose tous les états.,"S01,S07,S09,S11,S13,S16",active,1.0.0
UXR-0192,10,"Couleur, contraste, thèmes et états visuels",MUST,P1,MANUAL,Un état disabled qui doit rester informatif doit conserver une lisibilité suffisante malgré l'absence d'exigence WCAG stricte.,Le texte explique la raison et reste lisible dans le contexte produit.,"S01,S07,S09,S11,S13,S16",active,1.0.0
UXR-0193,10,"Couleur, contraste, thèmes et états visuels",MUST,P1,SEMI,Les palettes de graphiques doivent rester distinguables pour les déficiences de perception des couleurs.,"Des motifs, marqueurs ou labels directs complètent les couleurs.","S01,S07,S09,S11,S13,S16",active,1.0.0
UXR-0194,10,"Couleur, contraste, thèmes et états visuels",MUST,P1,AUTO,Les valeurs positives et négatives ne doivent pas être codées uniquement vert et rouge.,"Signe, flèche, libellé ou position complète la sémantique.","S01,S07,S09,S11,S13,S16",active,1.0.0
UXR-0195,10,"Couleur, contraste, thèmes et états visuels",MUST,P1,SEMI,Les overlays et focus rings doivent conserver leur contraste sur toutes les surfaces possibles.,Les tests utilisent les combinaisons de fond réelles.,"S01,S07,S09,S11,S13,S16",active,1.0.0
UXR-0196,10,"Couleur, contraste, thèmes et états visuels",SHOULD,P2,MANUAL,Le nombre de couleurs simultanées doit être limité à ce qui aide réellement la discrimination.,La revue supprime les couleurs décoratives concurrentes.,"S01,S07,S09,S11,S13,S16",active,1.0.0
UXR-0197,10,"Couleur, contraste, thèmes et états visuels",MUST,P1,AUTO,"Les états stale, partial, unknown et unavailable doivent posséder des traitements distincts des erreurs et succès.",Le registre visuel montre leurs différences de label et d'icône.,"S01,S07,S09,S11,S13,S16",active,1.0.0
UXR-0198,10,"Couleur, contraste, thèmes et états visuels",MUST NOT,P1,SEMI,"Un dégradé, effet glow ou transparence ne doit pas réduire la lisibilité des données et contrôles.",Le contraste est mesuré sur le point le plus défavorable.,"S01,S07,S09,S11,S13,S16",active,1.0.0
UXR-0199,10,"Couleur, contraste, thèmes et états visuels",MUST,P1,AUTO,Les préférences de contraste élevé du système doivent être supportées pour les écrans critiques.,Les tests forced-colors ou équivalents gardent contrôles et focus visibles.,"S01,S07,S09,S11,S13,S16",active,1.0.0
UXR-0200,10,"Couleur, contraste, thèmes et états visuels",MUST,P1,SEMI,"Toute nouvelle couleur sémantique doit être ajoutée au design system avec usage, contraste, thèmes et restrictions.",La PR de token contient documentation et tests.,"S01,S07,S09,S11,S13,S16",active,1.0.0
UXR-0201,11,"Espacement, forme, bordures, élévation et densité",MUST,P1,AUTO,Tous les espacements récurrents doivent provenir d'une échelle de tokens limitée.,Le linter signale les valeurs hors échelle dans les composants de production.,"S07,S09,S11,S23",active,1.0.0
UXR-0202,11,"Espacement, forme, bordures, élévation et densité",MUST,P1,MANUAL,L'espacement doit exprimer la relation entre éléments proches et groupes distincts.,L'espace interne d'un groupe est inférieur à l'espace entre groupes.,"S07,S09,S11,S23",active,1.0.0
UXR-0203,11,"Espacement, forme, bordures, élévation et densité",MUST NOT,P1,AUTO,Des marges négatives ne doivent pas corriger une architecture de layout défaillante.,Toute marge négative est documentée et testée sur tous les viewports.,"S07,S09,S11,S23",active,1.0.0
UXR-0204,11,"Espacement, forme, bordures, élévation et densité",MUST,P1,AUTO,Les rayons de bordure doivent être définis par rôles et non choisis page par page.,Les composants utilisent une petite échelle cohérente.,"S07,S09,S11,S23",active,1.0.0
UXR-0205,11,"Espacement, forme, bordures, élévation et densité",MUST,P1,MANUAL,La forme ne doit pas être le seul indicateur d'un état ou d'une action.,"Label, position ou icône complète la forme.","S07,S09,S11,S23",active,1.0.0
UXR-0206,11,"Espacement, forme, bordures, élévation et densité",MUST,P1,MANUAL,"Les bordures doivent séparer ou délimiter une fonction réelle, pas quadriller systématiquement chaque élément.",La revue supprime les lignes sans rôle perceptif.,"S07,S09,S11,S23",active,1.0.0
UXR-0207,11,"Espacement, forme, bordures, élévation et densité",SHOULD,P2,AUTO,Les ombres doivent être réservées aux overlays ou changements d'élévation utiles.,Le design system limite les niveaux d'ombre et leurs usages.,"S07,S09,S11,S23",active,1.0.0
UXR-0208,11,"Espacement, forme, bordures, élévation et densité",MUST NOT,P1,MANUAL,Les ombres fortes ne doivent pas compenser un contraste de surface insuffisant.,Les surfaces sont d'abord distinguées par tokens et bordures accessibles.,"S07,S09,S11,S23",active,1.0.0
UXR-0209,11,"Espacement, forme, bordures, élévation et densité",MUST,P1,AUTO,Les zones tactiles doivent inclure un espace suffisant autour du contenu visible.,La hitbox respecte le standard interne même si l'icône est petite.,"S07,S09,S11,S23",active,1.0.0
UXR-0210,11,"Espacement, forme, bordures, élévation et densité",MUST,P1,MANUAL,Les composants compacts doivent conserver une séparation suffisante pour éviter les erreurs de sélection.,Les tests tactiles et pointer évaluent les éléments adjacents.,"S07,S09,S11,S23",active,1.0.0
UXR-0211,11,"Espacement, forme, bordures, élévation et densité",MUST,P1,AUTO,"La densité doit être un profil explicite partagé, pas une série de overrides locaux.","Les tokens de densité pilotent hauteur, padding et typographie dans des limites sûres.","S07,S09,S11,S23",active,1.0.0
UXR-0212,11,"Espacement, forme, bordures, élévation et densité",MUST,P1,AUTO,"Les variations de densité ne doivent pas modifier la sémantique, l'ordre ou la disponibilité des actions.",Le même test fonctionnel passe dans chaque profil.,"S07,S09,S11,S23",active,1.0.0
UXR-0213,11,"Espacement, forme, bordures, élévation et densité",MUST NOT,P1,MANUAL,Une carte ne doit pas être imbriquée dans une carte uniquement pour créer du relief.,"Les regroupements sémantiques utilisent sections, séparateurs ou sous-grilles.","S07,S09,S11,S23",active,1.0.0
UXR-0214,11,"Espacement, forme, bordures, élévation et densité",MUST,P1,SEMI,Les séparateurs doivent posséder un contraste suffisant lorsqu'ils sont nécessaires à la compréhension.,Le contraste non textuel est contrôlé.,"S07,S09,S11,S23",active,1.0.0
UXR-0215,11,"Espacement, forme, bordures, élévation et densité",MUST,P1,AUTO,"Les tokens de taille doivent inclure les dimensions des contrôles, icônes et zones interactives.",Aucune hauteur de contrôle critique n'est codée en dur dans une feature.,"S07,S09,S11,S23",active,1.0.0
UXR-0216,11,"Espacement, forme, bordures, élévation et densité",SHOULD,P2,SEMI,Les espaces verticaux doivent suivre un rythme cohérent afin d'améliorer le balayage.,La page n'accumule pas de valeurs presque identiques sans raison.,"S07,S09,S11,S23",active,1.0.0
UXR-0217,11,"Espacement, forme, bordures, élévation et densité",MUST,P1,AUTO,Les panneaux redimensionnables doivent imposer des limites minimales et maximales utilisables.,Le contenu reste lisible et les poignées sont accessibles au clavier.,"S07,S09,S11,S23",active,1.0.0
UXR-0218,11,"Espacement, forme, bordures, élévation et densité",MUST,P1,MANUAL,Les surfaces sticky ou fixes doivent conserver une séparation perceptible du contenu qui défile.,Le comportement est visible sans masquer les données.,"S07,S09,S11,S23",active,1.0.0
UXR-0219,11,"Espacement, forme, bordures, élévation et densité",MUST,P1,AUTO,Les tokens de forme et d'espacement doivent fonctionner dans tous les thèmes et densités supportés.,La matrice de stories couvre les combinaisons principales.,"S07,S09,S11,S23",active,1.0.0
UXR-0220,11,"Espacement, forme, bordures, élévation et densité",MUST,P1,MANUAL,Toute nouvelle valeur fondation doit être justifiée par un besoin non couvert avant d'élargir l'échelle.,La PR explique pourquoi un token existant ne convient pas.,"S07,S09,S11,S23",active,1.0.0
UXR-0221,12,"Iconographie, images, illustrations et médias",MUST,P0,AUTO,Toute image informative doit posséder une alternative textuelle équivalente à son objectif.,Le test DOM vérifie alt ou description associée pertinente.,"S01,S07,S08,S15,S16",active,1.0.0
UXR-0222,12,"Iconographie, images, illustrations et médias",MUST,P0,AUTO,Toute image purement décorative doit être ignorée par les technologies d'assistance.,Elle utilise alt vide ou un traitement décoratif approprié.,"S01,S07,S08,S15,S16",active,1.0.0
UXR-0223,12,"Iconographie, images, illustrations et médias",MUST,P1,AUTO,Une icône interactive doit avoir un nom accessible décrivant son action.,Le bouton possède un label visible ou aria-label cohérent.,"S01,S07,S08,S15,S16",active,1.0.0
UXR-0224,12,"Iconographie, images, illustrations et médias",MUST NOT,P1,MANUAL,Une icône seule ne doit pas représenter une action rare ou ambiguë sans aide visible ou tooltip accessible.,Un test novice peut prédire l'action.,"S01,S07,S08,S15,S16",active,1.0.0
UXR-0225,12,"Iconographie, images, illustrations et médias",MUST,P1,SEMI,"Les icônes d'un même ensemble doivent partager style, épaisseur, grille et taille optique.",Le design system fournit une bibliothèque approuvée.,"S01,S07,S08,S15,S16",active,1.0.0
UXR-0226,12,"Iconographie, images, illustrations et médias",MUST,P1,MANUAL,Les icônes ne doivent pas être utilisées comme simples ornements dans chaque titre ou carte.,Chaque icône apporte reconnaissance ou signification.,"S01,S07,S08,S15,S16",active,1.0.0
UXR-0227,12,"Iconographie, images, illustrations et médias",MUST,P1,AUTO,Les icônes de statut doivent être accompagnées d'un texte ou d'un nom accessible.,La signification reste compréhensible sans voir la forme.,"S01,S07,S08,S15,S16",active,1.0.0
UXR-0228,12,"Iconographie, images, illustrations et médias",MUST,P1,AUTO,Les images de texte doivent être évitées lorsque le texte HTML peut fournir la même information.,"Le contenu reste redimensionnable, traduisible et sélectionnable.","S01,S07,S08,S15,S16",active,1.0.0
UXR-0229,12,"Iconographie, images, illustrations et médias",MUST,P1,SEMI,"Les graphiques complexes doivent posséder une description, un résumé et une alternative tabulaire lorsque nécessaire.",Un utilisateur non visuel peut obtenir les tendances et valeurs importantes.,"S01,S07,S08,S15,S16",active,1.0.0
UXR-0230,12,"Iconographie, images, illustrations et médias",MUST,P1,AUTO,Les médias doivent déclarer leurs dimensions ou réserver leur espace avant chargement.,Le CLS lié aux médias reste dans le budget.,"S01,S07,S08,S15,S16",active,1.0.0
UXR-0231,12,"Iconographie, images, illustrations et médias",MUST,P1,AUTO,Les formats et résolutions d'images doivent être adaptés à la taille rendue et au DPR.,"Le pipeline produit srcset, formats modernes ou équivalent.","S01,S07,S08,S15,S16",active,1.0.0
UXR-0232,12,"Iconographie, images, illustrations et médias",MUST NOT,P1,AUTO,Une image lourde ne doit pas être chargée pour un élément non visible ou non essentiel sans stratégie de priorité.,Le chargement différé et la priorité sont mesurés.,"S01,S07,S08,S15,S16",active,1.0.0
UXR-0233,12,"Iconographie, images, illustrations et médias",MUST,P1,SEMI,Les images générées ou modifiées par IA doivent être identifiées lorsque cette provenance est pertinente pour la confiance.,La métadonnée ou le contenu explique l'origine selon la politique produit.,"S01,S07,S08,S15,S16",active,1.0.0
UXR-0234,12,"Iconographie, images, illustrations et médias",MUST,P1,AUTO,Les avatars ne doivent pas servir d'unique identifiant de personne.,Nom ou initiales accessibles accompagnent l'image.,"S01,S07,S08,S15,S16",active,1.0.0
UXR-0235,12,"Iconographie, images, illustrations et médias",MUST,P1,MANUAL,Les drapeaux ne doivent pas représenter des langues.,Les langues utilisent leur nom ou code localisé.,"S01,S07,S08,S15,S16",active,1.0.0
UXR-0236,12,"Iconographie, images, illustrations et médias",MUST,P1,MANUAL,Les symboles culturels doivent être évalués dans les régions visées.,La revue de localisation signale les significations ambiguës ou offensantes.,"S01,S07,S08,S15,S16",active,1.0.0
UXR-0237,12,"Iconographie, images, illustrations et médias",MUST,P1,SEMI,"Les vidéos nécessaires à une tâche doivent proposer sous-titres, transcription et contrôles accessibles.","Les tests vérifient clavier, volume, pause et alternatives.","S01,S07,S08,S15,S16",active,1.0.0
UXR-0238,12,"Iconographie, images, illustrations et médias",MUST NOT,P0,AUTO,Un média ne doit pas démarrer automatiquement avec du son.,Le comportement par défaut reste silencieux et contrôlable.,"S01,S07,S08,S15,S16",active,1.0.0
UXR-0239,12,"Iconographie, images, illustrations et médias",MUST,P1,AUTO,Les animations ou vidéos doivent respecter prefers-reduced-motion et permettre la pause lorsque nécessaire.,Le mode réduit supprime ou simplifie le mouvement non essentiel.,"S01,S07,S08,S15,S16",active,1.0.0
UXR-0240,12,"Iconographie, images, illustrations et médias",MUST,P1,SEMI,"Toute nouvelle ressource média doit avoir un propriétaire, une licence et une stratégie de remplacement.",Le dépôt contient provenance et droits d'utilisation.,"S01,S07,S08,S15,S16",active,1.0.0
UXR-0241,13,"Mouvement, transitions et micro-interactions",MUST,P1,MANUAL,"Toute animation doit avoir une fonction liée à l'état, l'orientation, la progression ou le feedback.",La spécification nomme l'information transmise par le mouvement.,"S01,S07,S09,S16",active,1.0.0
UXR-0242,13,"Mouvement, transitions et micro-interactions",MUST NOT,P1,MANUAL,Une animation ne doit pas être ajoutée uniquement pour rendre l'interface « vivante ».,La revue supprime tout mouvement sans bénéfice utilisateur mesurable.,"S01,S07,S09,S16",active,1.0.0
UXR-0243,13,"Mouvement, transitions et micro-interactions",MUST,P0,AUTO,Les préférences prefers-reduced-motion doivent être respectées.,Le test réduit ou supprime les animations non essentielles.,"S01,S07,S09,S16",active,1.0.0
UXR-0244,13,"Mouvement, transitions et micro-interactions",MUST,P0,SEMI,Aucun contenu ne doit clignoter au-delà des seuils de sécurité applicables.,Les médias et animations sont contrôlés contre le risque de flash.,"S01,S07,S09,S16",active,1.0.0
UXR-0245,13,"Mouvement, transitions et micro-interactions",MUST,P1,AUTO,Les transitions doivent être courtes et cohérentes avec la distance et l'importance du changement.,Les tokens de durée et easing sont utilisés.,"S01,S07,S09,S16",active,1.0.0
UXR-0246,13,"Mouvement, transitions et micro-interactions",MUST NOT,P1,AUTO,transition: all ne doit pas être utilisée dans le code de production.,Chaque propriété animée est explicitement listée.,"S01,S07,S09,S16",active,1.0.0
UXR-0247,13,"Mouvement, transitions et micro-interactions",MUST,P1,AUTO,Les animations doivent privilégier transform et opacity pour éviter les recalculs de layout coûteux.,Les profils de performance ne montrent pas de jank lié au mouvement.,"S01,S07,S09,S16",active,1.0.0
UXR-0248,13,"Mouvement, transitions et micro-interactions",MUST,P1,AUTO,Un changement d'état critique ne doit pas dépendre uniquement d'une animation fugace.,"Le nouvel état persiste par texte, icône ou statut.","S01,S07,S09,S16",active,1.0.0
UXR-0249,13,"Mouvement, transitions et micro-interactions",MUST,P1,SEMI,L'ouverture et la fermeture d'un overlay doivent préserver la relation avec l'élément déclencheur.,Le mouvement et le focus indiquent origine et destination.,"S01,S07,S09,S16",active,1.0.0
UXR-0250,13,"Mouvement, transitions et micro-interactions",MUST,P1,MANUAL,Les listes réordonnées doivent permettre de comprendre ce qui a changé.,Un feedback textuel ou spatial accompagne la transition.,"S01,S07,S09,S16",active,1.0.0
UXR-0251,13,"Mouvement, transitions et micro-interactions",SHOULD,P2,AUTO,Les animations de chargement répétées doivent être synchronisées pour éviter un écran visuellement bruyant.,Les skeletons utilisent une cadence commune.,"S01,S07,S09,S16",active,1.0.0
UXR-0252,13,"Mouvement, transitions et micro-interactions",MUST NOT,P1,AUTO,Un skeleton ne doit pas simuler une structure différente du contenu final.,La transition vers les données évite les déplacements inattendus.,"S01,S07,S09,S16",active,1.0.0
UXR-0253,13,"Mouvement, transitions et micro-interactions",MUST,P1,AUTO,Une animation interrompue par navigation ou changement d'état doit se terminer proprement.,Aucun composant ne reste bloqué en état intermédiaire.,"S01,S07,S09,S16",active,1.0.0
UXR-0254,13,"Mouvement, transitions et micro-interactions",MUST,P1,MANUAL,Le mouvement ne doit pas retarder l'accès à une action urgente.,Les actions critiques restent immédiatement disponibles ou l'animation est contournable.,"S01,S07,S09,S16",active,1.0.0
UXR-0255,13,"Mouvement, transitions et micro-interactions",MUST,P1,SEMI,Les indicateurs de progression indéterminée et déterminée doivent être choisis selon la connaissance réelle de l'avancement.,Une durée inconnue n'affiche pas un pourcentage fabriqué.,"S01,S07,S09,S16",active,1.0.0
UXR-0256,13,"Mouvement, transitions et micro-interactions",MUST,P1,AUTO,"Une animation longue doit pouvoir être ignorée, accélérée ou interrompue.",Le parcours ne force pas l'attente d'un effet non nécessaire.,"S01,S07,S09,S16",active,1.0.0
UXR-0257,13,"Mouvement, transitions et micro-interactions",SHOULD,P2,AUTO,Les micro-interactions doivent renforcer la cohérence du design system plutôt que varier par feature.,Les mêmes états utilisent les mêmes durées et comportements.,"S01,S07,S09,S16",active,1.0.0
UXR-0258,13,"Mouvement, transitions et micro-interactions",MUST,P1,MANUAL,Les transitions d'état en temps réel doivent éviter de capter l'attention pour des événements non critiques.,La priorité d'animation suit la sévérité métier.,"S01,S07,S09,S16",active,1.0.0
UXR-0259,13,"Mouvement, transitions et micro-interactions",MUST,P1,SEMI,Les animations doivent être testées sous charge CPU réduite et sur matériel moins performant.,Le produit reste manipulable sans frames longues.,"S01,S07,S09,S16",active,1.0.0
UXR-0260,13,"Mouvement, transitions et micro-interactions",MUST,P1,SEMI,"Tout nouveau pattern de mouvement doit documenter son objectif, sa durée, son easing et son mode réduit.",La story du composant inclut ces variantes.,"S01,S07,S09,S16",active,1.0.0
UXR-0261,14,Fondations d'accessibilité et conception inclusive,MUST,P0,SEMI,Les parcours et composants de production doivent viser au minimum WCAG 2.2 niveau AA.,La matrice de conformité et les tests couvrent les critères applicables.,"S01,S02,S17",active,1.0.0
UXR-0262,14,Fondations d'accessibilité et conception inclusive,MUST,P0,MANUAL,L'accessibilité doit être traitée dès la spécification et non ajoutée après le développement.,"Chaque Screen Specification inclut clavier, sémantique, zoom, contraste et alternatives.","S01,S02,S17",active,1.0.0
UXR-0263,14,Fondations d'accessibilité et conception inclusive,MUST,P0,SEMI,L'utilisation de composants accessibles ne dispense pas de tester le parcours complet.,"Les tests E2E couvrent ordre, messages, focus et états combinés.","S01,S02,S17",active,1.0.0
UXR-0264,14,Fondations d'accessibilité et conception inclusive,MUST,P0,AUTO,Le HTML natif approprié doit être préféré à une reconstruction ARIA équivalente.,"Le code utilise button, a, input, table et landmarks quand ils conviennent.","S01,S02,S17",active,1.0.0
UXR-0265,14,Fondations d'accessibilité et conception inclusive,MUST NOT,P0,SEMI,Une ARIA incorrecte ne doit pas être ajoutée pour satisfaire un linter.,La sémantique est vérifiée dans l'arbre d'accessibilité et avec interaction réelle.,"S01,S02,S17",active,1.0.0
UXR-0266,14,Fondations d'accessibilité et conception inclusive,MUST,P0,AUTO,Toutes les fonctionnalités doivent être disponibles au clavier sauf gestes intrinsèquement dépendants d'un tracé libre.,Le parcours sans souris atteint et active chaque contrôle.,"S01,S02,S17",active,1.0.0
UXR-0267,14,Fondations d'accessibilité et conception inclusive,MUST,P0,SEMI,"Le contenu doit rester compréhensible sans perception de couleur, son, position ou forme seule.",Des alternatives textuelles et structurelles redondantes existent.,"S01,S02,S17",active,1.0.0
UXR-0268,14,Fondations d'accessibilité et conception inclusive,MUST,P0,AUTO,Le zoom navigateur à 200 % et le reflow jusqu'à 320 CSS px doivent préserver contenu et actions.,Les tests automatiques et manuels n'observent aucune perte fonctionnelle.,"S01,S02,S17",active,1.0.0
UXR-0269,14,Fondations d'accessibilité et conception inclusive,MUST,P0,AUTO,Les cibles pointer doivent respecter au minimum WCAG 2.2 et le standard interne de 44 px pour le tactile principal.,Les exceptions sont documentées et l'espacement compense les petites cibles.,"S01,S02,S17",active,1.0.0
UXR-0270,14,Fondations d'accessibilité et conception inclusive,MUST,P0,SEMI,"Les contenus temporels, animés ou auto-actualisés doivent fournir pause, arrêt ou contrôle lorsque requis.",Le test vérifie la capacité de stabiliser l'expérience.,"S01,S02,S17",active,1.0.0
UXR-0271,14,Fondations d'accessibilité et conception inclusive,MUST,P0,SEMI,"Les erreurs, avertissements et succès doivent être annoncés de façon accessible au moment pertinent.",Le rôle live ou le focus est choisi sans produire de bavardage excessif.,"S01,S02,S17",active,1.0.0
UXR-0272,14,Fondations d'accessibilité et conception inclusive,MUST,P0,AUTO,"Les contrôles doivent avoir un nom accessible, un rôle et un état corrects.",Les snapshots ARIA et tests par rôle valident le rendu.,"S01,S02,S17",active,1.0.0
UXR-0273,14,Fondations d'accessibilité et conception inclusive,MUST,P0,AUTO,L'ordre de lecture programmatique doit suivre l'ordre logique de la tâche.,Le DOM n'est pas réordonné uniquement par CSS de façon trompeuse.,"S01,S02,S17",active,1.0.0
UXR-0274,14,Fondations d'accessibilité et conception inclusive,MUST,P0,AUTO,"Les utilisateurs doivent pouvoir agrandir le texte et utiliser leurs préférences de contraste, police et mouvement.",Aucune meta viewport ou CSS ne bloque ces adaptations.,"S01,S02,S17",active,1.0.0
UXR-0275,14,Fondations d'accessibilité et conception inclusive,MUST,P0,SEMI,Les contenus multimédias doivent fournir les alternatives nécessaires à l'information et à l'interaction.,"Sous-titres, transcription, audiodescription ou texte équivalent sont présents selon le cas.","S01,S02,S17",active,1.0.0
UXR-0276,14,Fondations d'accessibilité et conception inclusive,MUST,P0,MANUAL,Les composants doivent être testés avec au moins un lecteur d'écran représentatif sur les parcours critiques.,"Le rapport consigne navigateur, lecteur, version et résultat.","S01,S02,S17",active,1.0.0
UXR-0277,14,Fondations d'accessibilité et conception inclusive,MUST,P1,MANUAL,"Les tests inclusifs doivent considérer limitations permanentes, temporaires et situationnelles.",Les scénarios couvrent diversité de capacités et de contextes.,"S01,S02,S17",active,1.0.0
UXR-0278,14,Fondations d'accessibilité et conception inclusive,MUST,P0,SEMI,"Une dérogation d'accessibilité doit être temporaire, visible et accompagnée d'une mesure compensatoire.","Le registre contient gravité, utilisateurs affectés, échéance et ticket.","S01,S02,S17",active,1.0.0
UXR-0279,14,Fondations d'accessibilité et conception inclusive,MUST NOT,P0,MANUAL,Une fonctionnalité inaccessible ne doit pas être présentée comme terminée parce qu'un scan automatisé est vert.,La Definition of Done exige contrôles automatiques et manuels.,"S01,S02,S17",active,1.0.0
UXR-0280,14,Fondations d'accessibilité et conception inclusive,MUST,P0,SEMI,Toute régression d'accessibilité critique doit bloquer la release comme une régression fonctionnelle.,La CI et le processus incident classent ces défauts comme bloquants.,"S01,S02,S17",active,1.0.0
UXR-0281,15,"Clavier, focus et ordre d’interaction",MUST,P0,AUTO,Chaque contrôle interactif doit être atteignable au clavier dans un ordre logique.,Un test Tab et Shift+Tab couvre le parcours complet.,"S01,S02",active,1.0.0
UXR-0282,15,"Clavier, focus et ordre d’interaction",MUST,P0,SEMI,Le focus clavier doit toujours être visible avec un contraste et une surface suffisants.,Le focus reste perceptible sur tous les thèmes et états.,"S01,S02",active,1.0.0
UXR-0283,15,"Clavier, focus et ordre d’interaction",MUST NOT,P0,AUTO,outline: none ou outline: 0 ne doit pas supprimer le focus sans remplacement équivalent.,Le linter bloque les suppressions non compensées.,"S01,S02",active,1.0.0
UXR-0284,15,"Clavier, focus et ordre d’interaction",MUST,P0,AUTO,Aucun composant ne doit créer de piège clavier involontaire.,L'utilisateur peut quitter chaque zone avec les commandes attendues.,"S01,S02",active,1.0.0
UXR-0285,15,"Clavier, focus et ordre d’interaction",MUST,P0,AUTO,"Les modales doivent déplacer le focus à l'intérieur, le contenir, puis le restaurer au déclencheur.","Les tests couvrent ouverture, Tab, Escape et fermeture.","S01,S02",active,1.0.0
UXR-0286,15,"Clavier, focus et ordre d’interaction",MUST,P0,AUTO,"Le focus ne doit pas être masqué par un header, footer ou overlay sticky.",Le scroll automatique laisse l'élément focalisé entièrement ou partiellement visible selon WCAG.,"S01,S02",active,1.0.0
UXR-0287,15,"Clavier, focus et ordre d’interaction",MUST,P0,AUTO,Un tabindex positif ne doit pas être utilisé pour réordonner artificiellement le focus.,Le DOM porte l'ordre logique et tabindex vaut 0 ou -1 selon le besoin.,"S01,S02",active,1.0.0
UXR-0288,15,"Clavier, focus et ordre d’interaction",MUST,P1,AUTO,Les widgets composites doivent suivre le modèle clavier WAI-ARIA correspondant.,"Flèches, Home, End, Enter, Space et Escape sont testés selon le pattern.","S01,S02",active,1.0.0
UXR-0289,15,"Clavier, focus et ordre d’interaction",MUST,P1,SEMI,"Les raccourcis à caractère unique doivent pouvoir être désactivés, remappés ou limités au focus pertinent.",La configuration évite les déclenchements avec technologies vocales.,"S01,S02",active,1.0.0
UXR-0290,15,"Clavier, focus et ordre d’interaction",MUST,P1,AUTO,Un clic sur une carte entière ne doit pas créer plusieurs destinations ambiguës au clavier.,La structure sépare lien principal et actions secondaires.,"S01,S02",active,1.0.0
UXR-0291,15,"Clavier, focus et ordre d’interaction",MUST,P1,AUTO,Les éléments non interactifs ne doivent pas recevoir de focus uniquement pour être annoncés.,"La lecture sémantique utilise titres, régions ou descriptions appropriées.","S01,S02",active,1.0.0
UXR-0292,15,"Clavier, focus et ordre d’interaction",MUST,P1,MANUAL,Le focus programmatique doit être déplacé seulement lorsqu'il aide l'utilisateur à comprendre un changement.,Chaque déplacement possède une raison documentée et prévisible.,"S01,S02",active,1.0.0
UXR-0293,15,"Clavier, focus et ordre d’interaction",MUST,P1,AUTO,"Après une suppression, le focus doit aller vers un élément logique proche ou le message de résultat.",Le test évite un retour au début de page ou une perte de focus.,"S01,S02",active,1.0.0
UXR-0294,15,"Clavier, focus et ordre d’interaction",MUST,P1,AUTO,"Après validation avec erreurs, le focus doit atteindre un résumé ou le premier champ invalide selon le pattern choisi.",Les messages et liens d'erreur restent cohérents.,"S01,S02",active,1.0.0
UXR-0295,15,"Clavier, focus et ordre d’interaction",MUST,P1,AUTO,Les menus doivent s'ouvrir et se fermer avec les touches attendues sans déclencher l'action du parent.,"Le test clavier couvre activation, navigation et Escape.","S01,S02",active,1.0.0
UXR-0296,15,"Clavier, focus et ordre d’interaction",MUST,P1,SEMI,Les zones scrollables au clavier doivent être identifiables et utilisables sans capturer inutilement les flèches.,Le comportement natif est conservé tant qu'un widget spécialisé n'est pas requis.,"S01,S02",active,1.0.0
UXR-0297,15,"Clavier, focus et ordre d’interaction",MUST,P1,AUTO,Les contrôles drag-and-drop doivent proposer une alternative clavier complète.,Des boutons ou menus permettent les mêmes réorganisations avec feedback.,"S01,S02",active,1.0.0
UXR-0298,15,"Clavier, focus et ordre d’interaction",MUST,P1,AUTO,Le focus ne doit pas être réinitialisé à chaque mise à jour temps réel ou refetch.,Les clés et re-renders préservent l'élément actif.,"S01,S02",active,1.0.0
UXR-0299,15,"Clavier, focus et ordre d’interaction",MUST,P1,AUTO,Les skip links doivent permettre d'atteindre rapidement le contenu principal et les zones critiques des interfaces denses.,Ils sont visibles au focus et testés.,"S01,S02",active,1.0.0
UXR-0300,15,"Clavier, focus et ordre d’interaction",MUST,P0,MANUAL,Chaque nouvelle interaction personnalisée doit être testée uniquement au clavier avant approbation.,La checklist de revue contient le résultat et les touches utilisées.,"S01,S02",active,1.0.0
UXR-0301,16,"Sémantique HTML, lecteurs d’écran et arbre d’accessibilité",MUST,P0,AUTO,Chaque page doit utiliser un landmark main unique pour son contenu principal.,Le snapshot ARIA expose un main identifiable.,"S01,S02,S20",active,1.0.0
UXR-0302,16,"Sémantique HTML, lecteurs d’écran et arbre d’accessibilité",MUST,P1,AUTO,"Les zones répétées comme navigation, recherche et aside doivent avoir des landmarks et noms distincts lorsque plusieurs existent.",Les régions sont différenciables dans la liste des landmarks.,"S01,S02,S20",active,1.0.0
UXR-0303,16,"Sémantique HTML, lecteurs d’écran et arbre d’accessibilité",MUST,P0,AUTO,Les titres doivent former une structure hiérarchique cohérente et descriptive.,Un audit de headings confirme niveaux et libellés.,"S01,S02,S20",active,1.0.0
UXR-0304,16,"Sémantique HTML, lecteurs d’écran et arbre d’accessibilité",MUST,P0,AUTO,"Les boutons, liens, champs et widgets doivent posséder des noms accessibles uniques dans leur contexte.",Les tests getByRole avec name sélectionnent sans ambiguïté.,"S01,S02,S20",active,1.0.0
UXR-0305,16,"Sémantique HTML, lecteurs d’écran et arbre d’accessibilité",MUST NOT,P0,AUTO,Un élément focusable ne doit pas être caché aux technologies d'assistance avec aria-hidden.,Le linter et le test DOM détectent cette contradiction.,"S01,S02,S20",active,1.0.0
UXR-0306,16,"Sémantique HTML, lecteurs d’écran et arbre d’accessibilité",MUST,P0,AUTO,"Les états checked, selected, expanded, pressed, invalid et disabled doivent être exposés lorsque le widget les possède.",Le snapshot ARIA reflète les transitions réelles.,"S01,S02,S20",active,1.0.0
UXR-0307,16,"Sémantique HTML, lecteurs d’écran et arbre d’accessibilité",MUST,P0,SEMI,Les mises à jour dynamiques importantes doivent être annoncées par une région live adaptée à leur priorité.,Le test lecteur d'écran vérifie une annonce utile et non répétitive.,"S01,S02,S20",active,1.0.0
UXR-0308,16,"Sémantique HTML, lecteurs d’écran et arbre d’accessibilité",MUST NOT,P1,MANUAL,"Une région aria-live ne doit pas annoncer chaque tick, prix ou événement non critique d'un flux rapide.",Les événements sont regroupés et filtrés par importance.,"S01,S02,S20",active,1.0.0
UXR-0309,16,"Sémantique HTML, lecteurs d’écran et arbre d’accessibilité",MUST,P0,AUTO,"Les tableaux de données doivent utiliser caption, en-têtes et associations appropriées.",Le DOM expose lignes et colonnes compréhensibles.,"S01,S02,S20",active,1.0.0
UXR-0310,16,"Sémantique HTML, lecteurs d’écran et arbre d’accessibilité",MUST,P1,AUTO,Les listes visuelles doivent utiliser des structures de liste lorsqu'elles représentent réellement une collection.,Le lecteur d'écran annonce le nombre et les éléments.,"S01,S02,S20",active,1.0.0
UXR-0311,16,"Sémantique HTML, lecteurs d’écran et arbre d’accessibilité",MUST,P1,AUTO,Les groupes de contrôles liés doivent être programmatiquement regroupés et nommés.,"fieldset, legend ou group avec label est présent.","S01,S02,S20",active,1.0.0
UXR-0312,16,"Sémantique HTML, lecteurs d’écran et arbre d’accessibilité",MUST,P1,AUTO,Les descriptions supplémentaires doivent utiliser aria-describedby ou du texte associé sans remplacer le nom principal.,Le nom reste court et la description apporte le contexte.,"S01,S02,S20",active,1.0.0
UXR-0313,16,"Sémantique HTML, lecteurs d’écran et arbre d’accessibilité",MUST NOT,P1,AUTO,aria-label ne doit pas écraser un libellé visible avec un terme différent.,Le nom accessible commence par ou correspond au texte visible pertinent.,"S01,S02,S20",active,1.0.0
UXR-0314,16,"Sémantique HTML, lecteurs d’écran et arbre d’accessibilité",MUST,P1,AUTO,Les icônes décoratives doivent être masquées de l'arbre d'accessibilité.,Elles n'ajoutent pas de bruit à l'annonce du contrôle.,"S01,S02,S20",active,1.0.0
UXR-0315,16,"Sémantique HTML, lecteurs d’écran et arbre d’accessibilité",MUST,P1,SEMI,Les contenus conditionnels doivent être insérés à un endroit logique dans l'ordre de lecture.,Le focus et la lecture trouvent le nouveau contenu sans saut incohérent.,"S01,S02,S20",active,1.0.0
UXR-0316,16,"Sémantique HTML, lecteurs d’écran et arbre d’accessibilité",MUST,P1,MANUAL,Les détails techniques volumineux doivent être regroupés dans une région nommée et repliable lorsque pertinent.,Le lecteur peut ignorer ou ouvrir la section de diagnostic.,"S01,S02,S20",active,1.0.0
UXR-0317,16,"Sémantique HTML, lecteurs d’écran et arbre d’accessibilité",MUST,P1,SEMI,Les valeurs abrégées visuellement doivent fournir une forme prononçable ou un libellé accessible lorsque nécessaire.,Les unités et symboles sont compris lors de l'écoute.,"S01,S02,S20",active,1.0.0
UXR-0318,16,"Sémantique HTML, lecteurs d’écran et arbre d’accessibilité",MUST,P1,AUTO,Le document doit définir correctement la langue globale et les changements de langue internes.,Les attributs lang sont présents et valides.,"S01,S02,S20",active,1.0.0
UXR-0319,16,"Sémantique HTML, lecteurs d’écran et arbre d’accessibilité",MUST,P1,AUTO,Le sens d'une séquence ne doit pas reposer sur un ordre CSS différent du DOM.,"L'ordre de lecture, focus et perception visuelle restent compatibles.","S01,S02,S20",active,1.0.0
UXR-0320,16,"Sémantique HTML, lecteurs d’écran et arbre d’accessibilité",MUST,P0,AUTO,Chaque écran critique doit disposer d'un snapshot de l'arbre d'accessibilité ou d'assertions équivalentes revues.,Les changements structurels produisent un diff explicite en CI.,"S01,S02,S20",active,1.0.0
UXR-0321,17,"Formulaires, saisie et choix",MUST,P0,AUTO,Chaque champ doit avoir un label visible et programmatique décrivant la donnée attendue.,Le label est lié au contrôle et reste visible après saisie.,"S01,S02,S10,S20",active,1.0.0
UXR-0322,17,"Formulaires, saisie et choix",MUST NOT,P0,AUTO,Un placeholder ne doit pas remplacer un label.,Le test DOM trouve un label associé hors placeholder.,"S01,S02,S10,S20",active,1.0.0
UXR-0323,17,"Formulaires, saisie et choix",MUST,P1,AUTO,Le type d'input et autocomplete doivent correspondre à la donnée demandée lorsque disponibles.,"Les attributs facilitent clavier, validation et remplissage automatique.","S01,S02,S10,S20",active,1.0.0
UXR-0324,17,"Formulaires, saisie et choix",MUST,P1,SEMI,Les formats acceptés doivent être expliqués avant la saisie lorsque l'utilisateur ne peut pas les déduire.,Un hint relié au champ décrit exemple ou contrainte.,"S01,S02,S10,S20",active,1.0.0
UXR-0325,17,"Formulaires, saisie et choix",MUST,P1,AUTO,Les champs obligatoires et optionnels doivent être indiqués de manière cohérente.,Le formulaire n'oblige pas à deviner la règle globale.,"S01,S02,S10,S20",active,1.0.0
UXR-0326,17,"Formulaires, saisie et choix",MUST,P1,MANUAL,Un formulaire ne doit demander que les informations nécessaires au résultat ou à une obligation explicite.,Chaque champ possède une justification produit ou légale.,"S01,S02,S10,S20",active,1.0.0
UXR-0327,17,"Formulaires, saisie et choix",MUST,P1,MANUAL,Les informations déjà connues ne doivent pas être redemandées sans raison de sécurité ou de confirmation.,"Le système préremplit, réutilise ou explique la demande.","S01,S02,S10,S20",active,1.0.0
UXR-0328,17,"Formulaires, saisie et choix",MUST,P1,AUTO,Les groupes de radios et checkboxes doivent posséder une légende claire.,La structure fieldset/legend ou équivalente est présente.,"S01,S02,S10,S20",active,1.0.0
UXR-0329,17,"Formulaires, saisie et choix",MUST,P1,MANUAL,Les radios doivent être utilisées pour un choix unique visible et les checkboxes pour des choix indépendants.,Le contrôle correspond au modèle mental et au nombre d'options.,"S01,S02,S10,S20",active,1.0.0
UXR-0330,17,"Formulaires, saisie et choix",MUST,P1,MANUAL,"Un select natif ou combobox doit être choisi selon le volume, la recherche et la complexité réels des options.",Le choix du composant est documenté dans la spécification.,"S01,S02,S10,S20",active,1.0.0
UXR-0331,17,"Formulaires, saisie et choix",MUST NOT,P1,MANUAL,Un menu déroulant ne doit pas être utilisé pour masquer quelques options qui gagneraient à être visibles.,Les choix fréquents ou critiques sont présentés directement.,"S01,S02,S10,S20",active,1.0.0
UXR-0332,17,"Formulaires, saisie et choix",MUST,P1,AUTO,Les valeurs saisies doivent être conservées après une erreur de validation ou une panne récupérable.,Le test provoque l'erreur et confirme la persistance.,"S01,S02,S10,S20",active,1.0.0
UXR-0333,17,"Formulaires, saisie et choix",MUST,P1,SEMI,Les formulaires longs doivent être divisés selon des étapes logiques et permettre la reprise.,"La progression, la sauvegarde et le retour sont définis.","S01,S02,S10,S20",active,1.0.0
UXR-0334,17,"Formulaires, saisie et choix",MUST,P1,MANUAL,Une étape doit demander un ensemble cohérent de décisions sans mélanger plusieurs objectifs indépendants.,Le titre et le contenu de l'étape correspondent à une intention.,"S01,S02,S10,S20",active,1.0.0
UXR-0335,17,"Formulaires, saisie et choix",MUST,P1,AUTO,Les actions de soumission doivent être placées après les champs dans l'ordre de lecture.,Le clavier atteint les actions après la saisie pertinente.,"S01,S02,S10,S20",active,1.0.0
UXR-0336,17,"Formulaires, saisie et choix",MUST,P1,MANUAL,Le bouton de soumission doit décrire le résultat attendu plutôt qu'utiliser un libellé générique lorsque l'enjeu est important.,"Le texte annonce « Enregistrer », « Publier » ou l'effet réel.","S01,S02,S10,S20",active,1.0.0
UXR-0337,17,"Formulaires, saisie et choix",MUST,P0,AUTO,Une double soumission doit être empêchée sans masquer l'état de traitement.,"Idempotence, état loading et résultat terminal sont testés.","S01,S02,S10,S20",active,1.0.0
UXR-0338,17,"Formulaires, saisie et choix",MUST,P1,MANUAL,"Les champs sensibles doivent expliquer usage, visibilité et conservation lorsque cela influence la confiance.",Le contenu contextuel est présent au moment de la saisie.,"S01,S02,S10,S20",active,1.0.0
UXR-0339,17,"Formulaires, saisie et choix",MUST,P1,SEMI,"Les formulaires doivent être testés avec clavier, lecteur d'écran, autofill, erreurs et contenu long.",La matrice de tests couvre les cinq modes.,"S01,S02,S10,S20",active,1.0.0
UXR-0340,17,"Formulaires, saisie et choix",MUST,P1,AUTO,"Toute nouvelle primitive de formulaire doit être documentée avec labels, hints, erreurs, disabled, readonly et états asynchrones.",Les stories exposent toutes les variantes.,"S01,S02,S10,S20",active,1.0.0
UXR-0341,18,"Validation, prévention des erreurs et récupération",MUST,P0,AUTO,La validation métier autoritaire doit rester côté backend même lorsqu'une validation client améliore le feedback.,Le serveur rejette les entrées invalides et renvoie un code stable.,"S01,S06,S10,S26",active,1.0.0
UXR-0342,18,"Validation, prévention des erreurs et récupération",MUST,P1,MANUAL,La validation client doit intervenir au moment où elle aide sans interrompre prématurément la saisie.,Les champs ne deviennent pas rouges avant que l'utilisateur ait pu les compléter.,"S01,S06,S10,S26",active,1.0.0
UXR-0343,18,"Validation, prévention des erreurs et récupération",MUST,P1,MANUAL,Chaque message d'erreur doit expliquer ce qui ne va pas et comment corriger.,"Le texte est spécifique, actionnable et sans jargon technique.","S01,S06,S10,S26",active,1.0.0
UXR-0344,18,"Validation, prévention des erreurs et récupération",MUST NOT,P1,AUTO,"Un message ne doit pas se limiter à « invalide », « erreur » ou un code interne.",La revue de contenu bloque les messages génériques.,"S01,S06,S10,S26",active,1.0.0
UXR-0345,18,"Validation, prévention des erreurs et récupération",MUST,P1,AUTO,Les erreurs doivent apparaître près du champ concerné et dans un résumé pour les formulaires multi-champs.,Le résumé lie vers chaque contrôle invalide.,"S01,S06,S10,S26",active,1.0.0
UXR-0346,18,"Validation, prévention des erreurs et récupération",MUST,P1,AUTO,"Après soumission invalide, le focus doit être dirigé vers le résumé d'erreurs ou le premier problème selon le pattern choisi.",Le test clavier confirme l'ordre de récupération.,"S01,S06,S10,S26",active,1.0.0
UXR-0347,18,"Validation, prévention des erreurs et récupération",MUST,P1,AUTO,Les messages du résumé et des champs doivent être cohérents.,Le même problème utilise le même libellé dans les deux emplacements.,"S01,S06,S10,S26",active,1.0.0
UXR-0348,18,"Validation, prévention des erreurs et récupération",MUST,P1,AUTO,La valeur fautive doit être conservée lorsque sa réutilisation est sûre.,L'utilisateur peut modifier sans ressaisir tout le formulaire.,"S01,S06,S10,S26",active,1.0.0
UXR-0349,18,"Validation, prévention des erreurs et récupération",MUST,P0,AUTO,"Les erreurs serveur ne doivent pas exposer stack trace, SQL, secret ou détail sensible.",Le mapper transforme vers un problème utilisateur et conserve la corrélation.,"S01,S06,S10,S26",active,1.0.0
UXR-0350,18,"Validation, prévention des erreurs et récupération",MUST,P1,AUTO,"Une erreur doit distinguer validation, conflit, permission, indisponibilité, réseau et erreur inattendue.",Le composant choisit récupération et message selon la catégorie.,"S01,S06,S10,S26",active,1.0.0
UXR-0351,18,"Validation, prévention des erreurs et récupération",MUST,P1,AUTO,"Un conflit de version doit présenter les choix de relecture, comparaison ou abandon sans écraser silencieusement.",Le workflow 409 est testé avec données concurrentes.,"S01,S06,S10,S26",active,1.0.0
UXR-0352,18,"Validation, prévention des erreurs et récupération",MUST,P1,MANUAL,Les actions irréversibles doivent être prévenues par conception avant de compter sur un message d'erreur.,"Preview, contraintes et confirmation réduisent le risque en amont.","S01,S06,S10,S26",active,1.0.0
UXR-0353,18,"Validation, prévention des erreurs et récupération",MUST,P1,MANUAL,"Une erreur récupérable doit proposer une action réaliste comme réessayer, modifier ou revenir.",Le CTA ne répète pas une opération vouée à échouer sans changement.,"S01,S06,S10,S26",active,1.0.0
UXR-0354,18,"Validation, prévention des erreurs et récupération",MUST NOT,P0,AUTO,Une commande ne doit pas être répétée automatiquement si elle peut produire un effet en double.,Les mutations utilisent idempotence et retry explicite contrôlé.,"S01,S06,S10,S26",active,1.0.0
UXR-0355,18,"Validation, prévention des erreurs et récupération",MUST,P1,AUTO,Les erreurs partielles doivent préserver les sections encore fiables.,La page indique la source indisponible sans masquer le reste.,"S01,S06,S10,S26",active,1.0.0
UXR-0356,18,"Validation, prévention des erreurs et récupération",MUST,P1,SEMI,La fermeture d'un message ne doit pas supprimer l'accès au diagnostic ou à l'audit nécessaire.,Un historique ou identifiant de corrélation reste disponible.,"S01,S06,S10,S26",active,1.0.0
UXR-0357,18,"Validation, prévention des erreurs et récupération",SHOULD,P2,SEMI,Les erreurs fréquentes doivent alimenter une amélioration de parcours plutôt qu'une accumulation de messages.,Les analytics et tickets identifient les causes récurrentes.,"S01,S06,S10,S26",active,1.0.0
UXR-0358,18,"Validation, prévention des erreurs et récupération",MUST,P1,AUTO,Les validations dépendantes d'un format local doivent respecter la locale et accepter les variations raisonnables.,"Les tests couvrent formats de date, téléphone, nombres et noms pertinents.","S01,S06,S10,S26",active,1.0.0
UXR-0359,18,"Validation, prévention des erreurs et récupération",MUST,P1,SEMI,Les erreurs doivent être testées avec technologie d'assistance et sans couleur.,"Le message, le focus et l'association au contrôle sont vérifiés.","S01,S06,S10,S26",active,1.0.0
UXR-0360,18,"Validation, prévention des erreurs et récupération",MUST,P0,SEMI,Une tâche ne peut être déclarée terminée sans scénarios d'erreur et de récupération pour ses parcours critiques.,Les tests d'acceptation incluent au moins une panne et une erreur utilisateur.,"S01,S06,S10,S26",active,1.0.0
UXR-0361,19,"Boutons, liens, actions, sélection et affordances",MUST,P0,AUTO,Un bouton visible doit déclencher une action réelle ou être désactivé avec une raison accessible.,Le composant exige onAction ou un état disabled explicatif.,"S01,S02,S07,S09",active,1.0.0
UXR-0362,19,"Boutons, liens, actions, sélection et affordances",MUST,P0,AUTO,Un lien doit posséder une destination valide et un bouton ne doit pas simuler une navigation par défaut.,"Le linter contrôle href, handlers et sémantique.","S01,S02,S07,S09",active,1.0.0
UXR-0363,19,"Boutons, liens, actions, sélection et affordances",MUST,P1,MANUAL,Le libellé d'une action doit commencer par un verbe clair décrivant son résultat.,"Les CTA évitent « OK », « Oui » ou « Continuer » lorsque l'effet est ambigu.","S01,S02,S07,S09",active,1.0.0
UXR-0364,19,"Boutons, liens, actions, sélection et affordances",MUST,P1,MANUAL,Une page ne doit avoir qu'une action primaire visuellement dominante par contexte de décision.,Les actions concurrentes utilisent une hiérarchie secondaire ou tertiaire.,"S01,S02,S07,S09",active,1.0.0
UXR-0365,19,"Boutons, liens, actions, sélection et affordances",MUST,P1,MANUAL,Les actions dangereuses doivent être visuellement séparées des actions fréquentes et réversibles.,Le layout évite l'activation accidentelle et le style danger reste réservé.,"S01,S02,S07,S09",active,1.0.0
UXR-0366,19,"Boutons, liens, actions, sélection et affordances",MUST,P1,MANUAL,Une action indisponible doit être masquée ou désactivée selon que l'utilisateur doit connaître son existence.,La raison produit et la capability déterminent le choix.,"S01,S02,S07,S09",active,1.0.0
UXR-0367,19,"Boutons, liens, actions, sélection et affordances",MUST,P1,SEMI,Un état disabled doit expliquer comment ou pourquoi l'action devient disponible lorsque pertinent.,"Tooltip accessible, hint ou message contextuel fournit la cause.","S01,S02,S07,S09",active,1.0.0
UXR-0368,19,"Boutons, liens, actions, sélection et affordances",MUST,P1,AUTO,Les contrôles icon-only doivent avoir une zone interactive suffisante et un nom accessible.,Le test mesure hitbox et accessible name.,"S01,S02,S07,S09",active,1.0.0
UXR-0369,19,"Boutons, liens, actions, sélection et affordances",MUST,P1,MANUAL,La sélection d'un objet ne doit pas être confondue avec l'ouverture de son détail.,"Checkbox, row click et actions ont des zones et comportements distincts.","S01,S02,S07,S09",active,1.0.0
UXR-0370,19,"Boutons, liens, actions, sélection et affordances",MUST,P1,AUTO,Les actions de masse doivent apparaître seulement après sélection et indiquer le nombre d'objets concernés.,Le bandeau d'actions reflète la sélection réelle.,"S01,S02,S07,S09",active,1.0.0
UXR-0371,19,"Boutons, liens, actions, sélection et affordances",MUST,P1,AUTO,Une sélection persistante entre pages doit être explicitement annoncée et réinitialisable.,Le compteur et l'action « effacer » restent visibles.,"S01,S02,S07,S09",active,1.0.0
UXR-0372,19,"Boutons, liens, actions, sélection et affordances",MUST NOT,P1,MANUAL,Un hover ne doit pas être nécessaire pour découvrir l'unique action disponible.,"L'action reste visible, focusable ou accessible par menu clairement signalé.","S01,S02,S07,S09",active,1.0.0
UXR-0373,19,"Boutons, liens, actions, sélection et affordances",MUST,P1,AUTO,"Les états pressed, selected et active doivent être distincts sémantiquement et visuellement.",Les composants utilisent les attributs et tokens appropriés.,"S01,S02,S07,S09",active,1.0.0
UXR-0374,19,"Boutons, liens, actions, sélection et affordances",MUST,P1,MANUAL,Un toggle doit changer un état immédiat tandis qu'un bouton doit déclencher une opération.,Le contrôle choisi reflète la temporalité et la persistance.,"S01,S02,S07,S09",active,1.0.0
UXR-0375,19,"Boutons, liens, actions, sélection et affordances",MUST,P1,AUTO,"Les actions asynchrones doivent afficher progression, empêcher les doubles déclenchements et fournir un résultat terminal.","Le test couvre loading, succès, échec et reprise.","S01,S02,S07,S09",active,1.0.0
UXR-0376,19,"Boutons, liens, actions, sélection et affordances",MUST,P1,MANUAL,Une action réversible doit proposer undo lorsque cela réduit fortement le coût d'erreur.,"Le délai, la portée et le résultat de l'annulation sont clairs.","S01,S02,S07,S09",active,1.0.0
UXR-0377,19,"Boutons, liens, actions, sélection et affordances",MUST,P1,AUTO,Les actions contextuelles doivent rester rattachées à l'objet concerné même dans une liste dense.,Le menu ou bouton porte l'identité de ligne dans son nom accessible.,"S01,S02,S07,S09",active,1.0.0
UXR-0378,19,"Boutons, liens, actions, sélection et affordances",MUST,P1,SEMI,Le placement et le style d'une action cohérente doivent rester constants entre écrans.,Le design system ou pattern library documente le comportement.,"S01,S02,S07,S09",active,1.0.0
UXR-0379,19,"Boutons, liens, actions, sélection et affordances",MUST NOT,P1,AUTO,Un contrôle visuellement interactif ne doit pas être un div ou span cliquable sans sémantique native.,Le linter bloque les onClick non sémantiques hors exception.,"S01,S02,S07,S09",active,1.0.0
UXR-0380,19,"Boutons, liens, actions, sélection et affordances",MUST,P0,AUTO,Toute action sensible doit être testée avec permissions réduites et backend non supporté.,Le contrôle est absent ou bloqué sans faux succès.,"S01,S02,S07,S09",active,1.0.0
UXR-0381,20,"Modales, drawers, popovers, menus et tooltips",MUST,P0,AUTO,"Une modal doit utiliser une sémantique de dialogue, un nom accessible et une gestion complète du focus.","Les tests couvrent role, label, focus trap et restauration.","S01,S02,S10,S11",active,1.0.0
UXR-0382,20,"Modales, drawers, popovers, menus et tooltips",MUST,P1,AUTO,Une modal doit posséder une méthode de fermeture visible et la touche Escape lorsque cela ne compromet pas une opération critique.,Le test active les deux chemins et conserve l'état attendu.,"S01,S02,S10,S11",active,1.0.0
UXR-0383,20,"Modales, drawers, popovers, menus et tooltips",MUST,P1,MANUAL,Le clic sur l'overlay ne doit pas fermer une modal contenant une décision sensible ou une saisie non sauvegardée sans avertissement.,Le comportement dépend du risque et est documenté.,"S01,S02,S10,S11",active,1.0.0
UXR-0384,20,"Modales, drawers, popovers, menus et tooltips",MUST,P1,AUTO,Un drawer doit permettre de revenir au contexte exact qui l'a ouvert.,"Le focus, la sélection et le scroll sont restaurés.","S01,S02,S10,S11",active,1.0.0
UXR-0385,20,"Modales, drawers, popovers, menus et tooltips",MUST,P1,AUTO,"Un popover doit être ancré au déclencheur, rester dans le viewport et se fermer selon les conventions attendues.","Les tests couvrent resize, scroll, Escape et clic extérieur.","S01,S02,S10,S11",active,1.0.0
UXR-0386,20,"Modales, drawers, popovers, menus et tooltips",MUST,P1,MANUAL,"Un menu doit contenir des actions ou choix cohérents, pas du contenu éditorial complexe.",Les contenus longs ou formulaires utilisent un popover ou une page adaptée.,"S01,S02,S10,S11",active,1.0.0
UXR-0387,20,"Modales, drawers, popovers, menus et tooltips",MUST,P1,MANUAL,Les tooltips doivent compléter un message existant et ne jamais contenir une information nécessaire à la tâche.,La tâche reste réalisable sans déclencher le tooltip.,"S01,S02,S10,S11",active,1.0.0
UXR-0388,20,"Modales, drawers, popovers, menus et tooltips",MUST,P1,AUTO,Un tooltip doit apparaître au hover et au focus et rester dismissible et persistant selon WCAG.,"Les tests couvrent pointer, clavier et Escape.","S01,S02,S10,S11",active,1.0.0
UXR-0389,20,"Modales, drawers, popovers, menus et tooltips",MUST NOT,P1,AUTO,Un tooltip ne doit pas contenir de contrôle interactif.,Un popover ou dialogue est utilisé si une interaction est nécessaire.,"S01,S02,S10,S11",active,1.0.0
UXR-0390,20,"Modales, drawers, popovers, menus et tooltips",MUST,P1,MANUAL,Les overlays imbriqués doivent être évités ou strictement limités.,La revue refuse modal dans modal sauf besoin critique documenté.,"S01,S02,S10,S11",active,1.0.0
UXR-0391,20,"Modales, drawers, popovers, menus et tooltips",MUST,P1,AUTO,Le z-index doit provenir d'une échelle contrôlée.,Le linter signale les valeurs arbitraires ou excessives.,"S01,S02,S10,S11",active,1.0.0
UXR-0392,20,"Modales, drawers, popovers, menus et tooltips",MUST,P1,AUTO,Le fond derrière une modal doit être inerte pour pointer et clavier.,L'attribut inert ou une solution équivalente est testé.,"S01,S02,S10,S11",active,1.0.0
UXR-0393,20,"Modales, drawers, popovers, menus et tooltips",MUST,P1,AUTO,Le scroll de fond doit être géré sans saut de layout lors de l'ouverture.,La position de page est restaurée après fermeture.,"S01,S02,S10,S11",active,1.0.0
UXR-0394,20,"Modales, drawers, popovers, menus et tooltips",MUST,P1,AUTO,"Les overlays doivent rester utilisables avec zoom, clavier virtuel et contenu localisé long.",Le contenu peut défiler et les actions restent atteignables.,"S01,S02,S10,S11",active,1.0.0
UXR-0395,20,"Modales, drawers, popovers, menus et tooltips",MUST,P1,MANUAL,"Une confirmation doit nommer l'objet, l'effet et l'irréversibilité éventuelle.",Le titre et le bouton ne reposent pas sur le contexte visuel extérieur.,"S01,S02,S10,S11",active,1.0.0
UXR-0396,20,"Modales, drawers, popovers, menus et tooltips",MUST,P1,SEMI,Les actions primaires et secondaires d'une modal doivent suivre un ordre cohérent avec la plateforme et le produit.,La convention est documentée dans le design system.,"S01,S02,S10,S11",active,1.0.0
UXR-0397,20,"Modales, drawers, popovers, menus et tooltips",MUST,P1,MANUAL,Une modal d'erreur ne doit pas empêcher l'accès aux informations nécessaires à la récupération.,"Le diagnostic, la copie d'ID ou le retour restent disponibles.","S01,S02,S10,S11",active,1.0.0
UXR-0398,20,"Modales, drawers, popovers, menus et tooltips",MUST,P1,AUTO,Un menu contextuel doit avoir un déclencheur visible et un nom accessible lié à l'objet.,Le lecteur d'écran annonce le contexte de l'action.,"S01,S02,S10,S11",active,1.0.0
UXR-0399,20,"Modales, drawers, popovers, menus et tooltips",MUST,P1,AUTO,"Les overlays asynchrones doivent gérer loading, partial, error et fermeture pendant requête.",Aucun état bloqué ou perte de saisie silencieuse n'est possible.,"S01,S02,S10,S11",active,1.0.0
UXR-0400,20,"Modales, drawers, popovers, menus et tooltips",MUST,P0,SEMI,"Aucun nouvel overlay ne peut être approuvé sans test clavier, lecteur d'écran, mobile et zoom.",La checklist contient une preuve pour les quatre contextes.,"S01,S02,S10,S11",active,1.0.0
UXR-0401,21,"Recherche, filtres, tri, pagination et vues sauvegardées",MUST,P1,MANUAL,Une recherche doit indiquer clairement son périmètre et les types d'objets indexés.,"Le placeholder, label ou aide précise ce qui peut être trouvé.","S06,S10,S14",active,1.0.0
UXR-0402,21,"Recherche, filtres, tri, pagination et vues sauvegardées",MUST,P1,AUTO,"La recherche doit tolérer casse, accents, espaces et variations raisonnables selon le domaine.",Les tests couvrent ces variantes sans produire de résultats trompeurs.,"S06,S10,S14",active,1.0.0
UXR-0403,21,"Recherche, filtres, tri, pagination et vues sauvegardées",MUST,P1,SEMI,Les résultats doivent expliquer pourquoi ils correspondent lorsque la requête est ambiguë.,"Les termes trouvés, alias ou champs pertinents sont visibles.","S06,S10,S14",active,1.0.0
UXR-0404,21,"Recherche, filtres, tri, pagination et vues sauvegardées",MUST,P1,AUTO,"Une absence de résultat doit distinguer zéro donnée, filtres trop restrictifs et service indisponible.",L'empty state propose une récupération adaptée.,"S06,S10,S14",active,1.0.0
UXR-0405,21,"Recherche, filtres, tri, pagination et vues sauvegardées",MUST,P1,AUTO,Les filtres actifs doivent rester visibles et supprimables individuellement.,"Des chips, résumé ou panneau affichent état et nombre.","S06,S10,S14",active,1.0.0
UXR-0406,21,"Recherche, filtres, tri, pagination et vues sauvegardées",MUST,P1,AUTO,Un bouton « Effacer les filtres » doit restaurer un état prévisible sans supprimer une recherche ou un contexte non concerné.,La portée de la réinitialisation est explicite et testée.,"S06,S10,S14",active,1.0.0
UXR-0407,21,"Recherche, filtres, tri, pagination et vues sauvegardées",MUST,P1,AUTO,"Les filtres, le tri, la page ou le curseur et la période partageables doivent être sérialisés dans l'URL.",Le rafraîchissement et le partage reproduisent la vue.,"S06,S10,S14",active,1.0.0
UXR-0408,21,"Recherche, filtres, tri, pagination et vues sauvegardées",MUST,P1,AUTO,Les valeurs de filtre doivent provenir de données ou d'un catalogue fiable et non d'une liste hardcodée divergente.,Les options reflètent les capacités et permissions réelles.,"S06,S10,S14",active,1.0.0
UXR-0409,21,"Recherche, filtres, tri, pagination et vues sauvegardées",MUST,P1,AUTO,Le tri actif doit être annoncé visuellement et programmatiquement.,L'en-tête expose aria-sort et la direction.,"S06,S10,S14",active,1.0.0
UXR-0410,21,"Recherche, filtres, tri, pagination et vues sauvegardées",MUST NOT,P1,AUTO,"Un tri ne doit pas modifier silencieusement la sélection, le périmètre ou la période.",L'état non concerné est conservé et le changement est prévisible.,"S06,S10,S14",active,1.0.0
UXR-0411,21,"Recherche, filtres, tri, pagination et vues sauvegardées",MUST,P1,AUTO,La pagination côté serveur doit être utilisée pour les collections volumineuses ou auditables.,"La requête transporte curseur, taille, tri et filtres.","S06,S10,S14",active,1.0.0
UXR-0412,21,"Recherche, filtres, tri, pagination et vues sauvegardées",MUST,P1,SEMI,"Un infinite scroll doit offrir une position, une reprise et une alternative de navigation fiables.",Le retour depuis un détail conserve l'emplacement et un contrôle de chargement existe.,"S06,S10,S14",active,1.0.0
UXR-0413,21,"Recherche, filtres, tri, pagination et vues sauvegardées",MUST,P1,AUTO,Le nombre total doit être marqué inconnu lorsqu'il n'est pas calculable sans coût ou garantie.,L'UI n'invente pas un total à partir de la page courante.,"S06,S10,S14",active,1.0.0
UXR-0414,21,"Recherche, filtres, tri, pagination et vues sauvegardées",MUST,P1,AUTO,Les vues sauvegardées doivent mémoriser uniquement les paramètres déclarés et afficher leur périmètre.,L'utilisateur sait ce qui sera restauré et peut modifier le nom.,"S06,S10,S14",active,1.0.0
UXR-0415,21,"Recherche, filtres, tri, pagination et vues sauvegardées",MUST,P1,AUTO,Une vue partagée doit respecter les permissions du destinataire au moment de l'ouverture.,Les données et filtres interdits sont retirés ou refusés côté serveur.,"S06,S10,S14",active,1.0.0
UXR-0416,21,"Recherche, filtres, tri, pagination et vues sauvegardées",SHOULD,P2,MANUAL,Les filtres fréquents peuvent proposer des presets basés sur les tâches réelles.,Les presets sont mesurés et ne remplacent pas l'accès aux filtres complets.,"S06,S10,S14",active,1.0.0
UXR-0417,21,"Recherche, filtres, tri, pagination et vues sauvegardées",MUST,P1,MANUAL,Les filtres dépendants doivent indiquer quand une option est impossible ou limitée par une sélection précédente.,La relation est expliquée au lieu de masquer arbitrairement les valeurs.,"S06,S10,S14",active,1.0.0
UXR-0418,21,"Recherche, filtres, tri, pagination et vues sauvegardées",MUST,P1,SEMI,"Une recherche globale doit différencier navigation, objets et actions autorisées.","Les groupes possèdent labels, raccourcis et permissions cohérents.","S06,S10,S14",active,1.0.0
UXR-0419,21,"Recherche, filtres, tri, pagination et vues sauvegardées",MUST,P1,AUTO,Les résultats asynchrones doivent éviter le clignotement et les réponses hors ordre.,"Debounce, annulation et identité de requête empêchent les remplacements obsolètes.","S06,S10,S14",active,1.0.0
UXR-0420,21,"Recherche, filtres, tri, pagination et vues sauvegardées",MUST,P1,AUTO,"Les parcours de recherche et filtre doivent être testés avec URL copiée, retour navigateur, mobile et permissions réduites.",Les E2E couvrent ces quatre situations.,"S06,S10,S14",active,1.0.0
UXR-0421,22,"Tables, data grids et listes opérationnelles",MUST,P1,MANUAL,Une table doit être utilisée uniquement pour des données réellement tabulaires avec relations de lignes et colonnes.,Les layouts généraux utilisent grid ou listes plutôt qu'une table de présentation.,"S01,S02,S11,S14",active,1.0.0
UXR-0422,22,"Tables, data grids et listes opérationnelles",MUST,P0,AUTO,Toute table doit avoir une caption ou un nom accessible décrivant son contenu et son périmètre.,Le lecteur d'écran annonce la table de façon distincte.,"S01,S02,S11,S14",active,1.0.0
UXR-0423,22,"Tables, data grids et listes opérationnelles",MUST,P0,AUTO,Les en-têtes de colonnes et de lignes doivent être programmatiquement associés aux cellules.,"Le DOM utilise th, scope ou associations adaptées.","S01,S02,S11,S14",active,1.0.0
UXR-0424,22,"Tables, data grids et listes opérationnelles",MUST,P1,MANUAL,"Les colonnes doivent avoir des libellés explicites, unités et formats cohérents.",Une légende ou tooltip accessible explique les termes rares.,"S01,S02,S11,S14",active,1.0.0
UXR-0425,22,"Tables, data grids et listes opérationnelles",MUST,P1,AUTO,Les valeurs numériques doivent être alignées et formatées pour faciliter la comparaison.,"Chiffres tabulaires, décimales et unités sont cohérents.","S01,S02,S11,S14",active,1.0.0
UXR-0426,22,"Tables, data grids et listes opérationnelles",MUST,P1,AUTO,Les actions de ligne doivent être accessibles sans dépendre du hover.,Un bouton ou menu focusable reste découvrable.,"S01,S02,S11,S14",active,1.0.0
UXR-0427,22,"Tables, data grids et listes opérationnelles",MUST,P1,MANUAL,"Le clic sur la ligne ne doit pas entrer en conflit avec sélection, liens ou actions internes.",Les zones interactives et le comportement clavier sont définis.,"S01,S02,S11,S14",active,1.0.0
UXR-0428,22,"Tables, data grids et listes opérationnelles",MUST,P1,AUTO,Les tables triables doivent exposer la colonne et la direction du tri.,L'état aria-sort et l'indicateur visuel sont synchronisés.,"S01,S02,S11,S14",active,1.0.0
UXR-0429,22,"Tables, data grids et listes opérationnelles",MUST,P1,AUTO,Les tables filtrables doivent montrer le périmètre actif au-dessus ou à proximité.,L'utilisateur peut expliquer quelles lignes sont incluses.,"S01,S02,S11,S14",active,1.0.0
UXR-0430,22,"Tables, data grids et listes opérationnelles",MUST,P1,AUTO,La sélection de masse doit afficher le nombre sélectionné et les limites du périmètre.,La distinction page courante versus tout le résultat est explicite.,"S01,S02,S11,S14",active,1.0.0
UXR-0431,22,"Tables, data grids et listes opérationnelles",MUST,P1,AUTO,Les actions de masse dangereuses doivent fournir preview et confirmation sur les objets réellement concernés.,Le backend revalide l'ensemble au moment de l'action.,"S01,S02,S11,S14",active,1.0.0
UXR-0432,22,"Tables, data grids et listes opérationnelles",MUST,P1,SEMI,Les longues tables doivent utiliser pagination ou virtualisation sans dégrader la navigation clavier et lecteur d'écran.,"Les tests couvrent focus, scroll et annonce de lignes.","S01,S02,S11,S14",active,1.0.0
UXR-0433,22,"Tables, data grids et listes opérationnelles",MUST,P1,AUTO,Les colonnes sticky doivent rester alignées et ne pas masquer les autres cellules au zoom.,Les tests couvrent scroll horizontal et thèmes.,"S01,S02,S11,S14",active,1.0.0
UXR-0434,22,"Tables, data grids et listes opérationnelles",MUST,P1,AUTO,"Les états loading, empty, partial, error et stale doivent apparaître au niveau pertinent de la table.",Une source partielle ne vide pas toute la collection fiable.,"S01,S02,S11,S14",active,1.0.0
UXR-0435,22,"Tables, data grids et listes opérationnelles",MUST,P1,SEMI,Une cellule tronquée doit permettre d'accéder à la valeur complète lorsqu'elle est pertinente.,"Expansion, copie ou tooltip accessible est disponible.","S01,S02,S11,S14",active,1.0.0
UXR-0436,22,"Tables, data grids et listes opérationnelles",MUST,P1,MANUAL,"Les tableaux mobiles doivent utiliser une représentation priorisée, pas seulement réduire la taille des colonnes.",Les informations critiques et actions restent accessibles.,"S01,S02,S11,S14",active,1.0.0
UXR-0437,22,"Tables, data grids et listes opérationnelles",MUST,P1,AUTO,Les colonnes configurables doivent conserver un ensemble minimal obligatoire pour l'identité et la sécurité.,L'utilisateur ne peut pas masquer l'objet ou le statut essentiel sans avertissement.,"S01,S02,S11,S14",active,1.0.0
UXR-0438,22,"Tables, data grids et listes opérationnelles",SHOULD,P2,AUTO,Les densités de table peuvent être personnalisables pour les experts sans réduire les cibles sous les seuils sûrs.,La préférence est persistée et testée.,"S01,S02,S11,S14",active,1.0.0
UXR-0439,22,"Tables, data grids et listes opérationnelles",MUST,P1,AUTO,"L'export d'une table doit refléter le périmètre, les filtres, la timezone et les permissions.",Le fichier contient métadonnées et ne révèle pas de colonnes interdites.,"S01,S02,S11,S14",active,1.0.0
UXR-0440,22,"Tables, data grids et listes opérationnelles",MUST,P0,SEMI,"Une DataTable partagée ne peut être approuvée sans tests de sémantique, tri, filtres, pagination, sélection, responsive et états.",La story et les tests couvrent les sept axes.,"S01,S02,S11,S14",active,1.0.0
UXR-0441,23,"Visualisation de données, graphiques et cartes analytiques",MUST,P1,MANUAL,Chaque visualisation doit répondre à une question utilisateur clairement formulée.,Le titre ou la spécification exprime la question et l'insight attendu.,"S01,S11,S12",active,1.0.0
UXR-0442,23,"Visualisation de données, graphiques et cartes analytiques",MUST,P1,MANUAL,"Le type de graphique doit être choisi selon comparaison, tendance, distribution, relation ou part d'un tout.",La justification correspond à la structure des données.,"S01,S11,S12",active,1.0.0
UXR-0443,23,"Visualisation de données, graphiques et cartes analytiques",MUST NOT,P1,MANUAL,Un graphique ne doit pas être ajouté pour occuper de l'espace ou « faire dashboard ».,La revue supprime toute visualisation sans décision ou insight associé.,"S01,S11,S12",active,1.0.0
UXR-0444,23,"Visualisation de données, graphiques et cartes analytiques",MUST,P1,AUTO,"Les axes, unités, période et échelle doivent être visibles ou explicitement disponibles.",L'utilisateur peut interpréter les valeurs sans deviner.,"S01,S11,S12",active,1.0.0
UXR-0445,23,"Visualisation de données, graphiques et cartes analytiques",MUST,P0,SEMI,Une visualisation importante doit posséder une alternative textuelle et tabulaire adaptée.,"Les tendances, anomalies et valeurs clés sont accessibles hors graphique.","S01,S11,S12",active,1.0.0
UXR-0446,23,"Visualisation de données, graphiques et cartes analytiques",MUST,P1,SEMI,La couleur ne doit pas être le seul moyen de distinguer les séries.,"Marqueurs, motifs, traits ou labels directs complètent la palette.","S01,S11,S12",active,1.0.0
UXR-0447,23,"Visualisation de données, graphiques et cartes analytiques",MUST,P1,SEMI,Les palettes doivent maintenir un contraste et une distinction suffisants dans les thèmes supportés.,Les tests couvrent déficiences de couleur et niveaux de gris.,"S01,S11,S12",active,1.0.0
UXR-0448,23,"Visualisation de données, graphiques et cartes analytiques",MUST,P1,AUTO,"Les légendes doivent être proches, compréhensibles et interactives seulement si leur comportement est clair.",Le focus et la sélection de série sont accessibles.,"S01,S11,S12",active,1.0.0
UXR-0449,23,"Visualisation de données, graphiques et cartes analytiques",MUST,P1,SEMI,Les tooltips de graphique doivent être accessibles au clavier ou doublés par une autre méthode d'exploration.,Les points de données ne dépendent pas du hover précis.,"S01,S11,S12",active,1.0.0
UXR-0450,23,"Visualisation de données, graphiques et cartes analytiques",MUST,P1,MANUAL,Les domaines d'axe doivent éviter de déformer l'interprétation et signaler toute rupture ou troncature.,L'échelle et le zéro sont choisis selon la question et documentés.,"S01,S11,S12",active,1.0.0
UXR-0451,23,"Visualisation de données, graphiques et cartes analytiques",MUST NOT,P1,AUTO,La 3D décorative ne doit pas être utilisée pour des graphiques 2D analytiques.,Aucune perspective ne déforme les valeurs.,"S01,S11,S12",active,1.0.0
UXR-0452,23,"Visualisation de données, graphiques et cartes analytiques",MUST,P1,MANUAL,"Les catégories trop nombreuses doivent être regroupées, filtrées ou remplacées par une vue plus adaptée.",La visualisation reste lisible et les détails restent accessibles.,"S01,S11,S12",active,1.0.0
UXR-0453,23,"Visualisation de données, graphiques et cartes analytiques",MUST,P1,AUTO,"Les données manquantes doivent être représentées comme manquantes, non interpolées silencieusement.","Le rendu et la légende distinguent absence, zéro et estimation.","S01,S11,S12",active,1.0.0
UXR-0454,23,"Visualisation de données, graphiques et cartes analytiques",MUST,P1,SEMI,Les données estimées ou prévues doivent être visuellement et textuellement distinctes des observations.,La provenance et l'incertitude sont exposées.,"S01,S11,S12",active,1.0.0
UXR-0455,23,"Visualisation de données, graphiques et cartes analytiques",MUST,P1,MANUAL,Les annotations doivent signaler événements ou seuils réellement pertinents.,Elles n'encombrent pas la lecture et possèdent une alternative textuelle.,"S01,S11,S12",active,1.0.0
UXR-0456,23,"Visualisation de données, graphiques et cartes analytiques",MUST,P1,SEMI,Le zoom et le pan doivent avoir des contrôles accessibles et une remise à zéro.,Le clavier et le tactile permettent l'exploration sans piège.,"S01,S11,S12",active,1.0.0
UXR-0457,23,"Visualisation de données, graphiques et cartes analytiques",MUST,P1,AUTO,"Les graphiques temps réel doivent afficher fraîcheur, cadence et pause.",L'utilisateur peut stabiliser la vue pour investiguer.,"S01,S11,S12",active,1.0.0
UXR-0458,23,"Visualisation de données, graphiques et cartes analytiques",MUST,P1,MANUAL,Les grandes séries doivent être agrégées sans masquer les anomalies importantes.,La méthode d'agrégation et le niveau de détail sont visibles.,"S01,S11,S12",active,1.0.0
UXR-0459,23,"Visualisation de données, graphiques et cartes analytiques",MUST,P1,AUTO,"La visualisation doit être testée avec valeurs extrêmes, négatives, nulles, manquantes et séries uniques.",Les stories de stress conservent une interprétation correcte.,"S01,S11,S12",active,1.0.0
UXR-0460,23,"Visualisation de données, graphiques et cartes analytiques",MUST,P1,SEMI,"Toute bibliothèque de chart doit être évaluée pour accessibilité, performance, thèmes et maintenance avant adoption.",La décision de dépendance et ses limites sont documentées.,"S01,S11,S12",active,1.0.0
UXR-0461,24,"Dashboards, KPI, métriques et centres de commande",MUST,P0,AUTO,"Chaque KPI doit avoir une définition, une unité, un périmètre, une période, une fraîcheur et une provenance.",Le composant MetricCard exige ou dérive explicitement ces champs.,"S06,S11,S12,S30",active,1.0.0
UXR-0462,24,"Dashboards, KPI, métriques et centres de commande",MUST,P0,AUTO,"Une valeur inconnue ne doit jamais être remplacée par zéro, tiret ambigu ou statut rassurant.","Le modèle distingue KNOWN, UNKNOWN, UNAVAILABLE et NOT_APPLICABLE.","S06,S11,S12,S30",active,1.0.0
UXR-0463,24,"Dashboards, KPI, métriques et centres de commande",MUST,P1,AUTO,Chaque KPI important doit mener vers ses contributeurs ou son historique.,"Le clic ouvre un filtre, breakdown ou détail cohérent.","S06,S11,S12,S30",active,1.0.0
UXR-0464,24,"Dashboards, KPI, métriques et centres de commande",MUST,P1,MANUAL,Un dashboard doit prioriser exceptions et décisions avant les métriques de contexte.,Le premier viewport montre ce qui nécessite l'attention.,"S06,S11,S12,S30",active,1.0.0
UXR-0465,24,"Dashboards, KPI, métriques et centres de commande",MUST NOT,P1,MANUAL,Le même patron « six KPI plus panneaux » ne doit pas être imposé à tous les domaines.,Le layout découle des questions métier de la page.,"S06,S11,S12,S30",active,1.0.0
UXR-0466,24,"Dashboards, KPI, métriques et centres de commande",MUST,P1,AUTO,Les tendances doivent préciser la référence de comparaison.,« +5 % » indique par rapport à quelle période ou baseline.,"S06,S11,S12,S30",active,1.0.0
UXR-0467,24,"Dashboards, KPI, métriques et centres de commande",MUST,P1,SEMI,Les métriques agrégées doivent exposer leur périmètre et les exclusions.,"Un utilisateur sait quels comptes, stratégies ou entités sont inclus.","S06,S11,S12,S30",active,1.0.0
UXR-0468,24,"Dashboards, KPI, métriques et centres de commande",MUST,P1,AUTO,Les seuils et objectifs doivent provenir d'une politique ou configuration autoritaire.,Le frontend ne code pas les limites métier en dur.,"S06,S11,S12,S30",active,1.0.0
UXR-0469,24,"Dashboards, KPI, métriques et centres de commande",MUST,P1,AUTO,Un statut global doit être calculé côté autorité compétente ou présenté comme synthèse explicable.,Le frontend n'invente pas NOMINAL à partir d'absence d'erreur.,"S06,S11,S12,S30",active,1.0.0
UXR-0470,24,"Dashboards, KPI, métriques et centres de commande",MUST,P1,MANUAL,Les alertes critiques doivent être visibles sans concurrencer des décorations ou KPI secondaires.,"La hiérarchie de couleur, position et ordre reflète la sévérité.","S06,S11,S12,S30",active,1.0.0
UXR-0471,24,"Dashboards, KPI, métriques et centres de commande",MUST,P1,MANUAL,"Les cartes doivent être choisies selon la question Metric, Alert, Entity, Chart ou Action.",Toute card ne correspondant à aucun type est supprimée ou fusionnée.,"S06,S11,S12,S30",active,1.0.0
UXR-0472,24,"Dashboards, KPI, métriques et centres de commande",MUST,P1,AUTO,Un dashboard temps réel doit afficher un asOf global et les fraîcheurs locales divergentes.,Les sections stale ou partial sont identifiables.,"S06,S11,S12,S30",active,1.0.0
UXR-0473,24,"Dashboards, KPI, métriques et centres de commande",MUST,P1,AUTO,"Les valeurs monétaires, pourcentages, ratios et durées doivent utiliser des formats centralisés.",Le même concept est présenté identiquement sur tous les écrans.,"S06,S11,S12,S30",active,1.0.0
UXR-0474,24,"Dashboards, KPI, métriques et centres de commande",MUST,P1,MANUAL,Les KPI ne doivent pas utiliser une précision supérieure à celle des données ou de la décision.,Le nombre de décimales est défini par domaine.,"S06,S11,S12,S30",active,1.0.0
UXR-0475,24,"Dashboards, KPI, métriques et centres de commande",MUST,P1,SEMI,Les comparaisons doivent utiliser des périodes et périmètres homogènes ou expliquer les différences.,Le benchmark affiche sa source et ses limites.,"S06,S11,S12,S30",active,1.0.0
UXR-0476,24,"Dashboards, KPI, métriques et centres de commande",MUST,P1,AUTO,Les widgets personnalisables doivent préserver un noyau d'informations critiques non masquable.,La personnalisation ne peut cacher alertes ou état de sécurité sans avertissement.,"S06,S11,S12,S30",active,1.0.0
UXR-0477,24,"Dashboards, KPI, métriques et centres de commande",MUST,P1,MANUAL,"Une page d'accueil doit résumer et orienter, non reproduire l'ensemble des fonctionnalités des domaines.",Les détails restent dans leurs pages propriétaires.,"S06,S11,S12,S30",active,1.0.0
UXR-0478,24,"Dashboards, KPI, métriques et centres de commande",MUST,P1,AUTO,Le dashboard doit rester exploitable lorsque certaines sources échouent.,Les sections fiables restent visibles avec une bannière de qualité.,"S06,S11,S12,S30",active,1.0.0
UXR-0479,24,"Dashboards, KPI, métriques et centres de commande",MUST,P1,AUTO,"Les métriques doivent être testées contre des fixtures de zéro réel, inconnu, valeurs extrêmes et changement de période.",Les mappers et composants couvrent ces cas.,"S06,S11,S12,S30",active,1.0.0
UXR-0480,24,"Dashboards, KPI, métriques et centres de commande",MUST,P0,SEMI,Aucun dashboard à haut enjeu ne peut être validé uniquement sur données mockées.,Une capture et un E2E contre le BFF réel sont requis avant cutover.,"S06,S11,S12,S30",active,1.0.0
UXR-0481,25,"Chargement, vide, données partielles, stale, offline et indisponibilité",MUST,P0,AUTO,"Chaque source de données doit distinguer loading, ready, empty, partial, stale, disconnected, forbidden et error lorsque pertinents.",Le type de vue ou la query expose ces états sans ambiguïté.,"S06,S09,S21,S22,S30",active,1.0.0
UXR-0482,25,"Chargement, vide, données partielles, stale, offline et indisponibilité",MUST,P0,AUTO,Un état empty ne doit être utilisé que lorsque l'absence de données est confirmée.,Une source indisponible ou non chargée n'affiche jamais « aucun résultat ».,"S06,S09,S21,S22,S30",active,1.0.0
UXR-0483,25,"Chargement, vide, données partielles, stale, offline et indisponibilité",MUST,P1,MANUAL,Un empty state doit expliquer ce que signifie l'absence et proposer la prochaine action utile.,"Le contenu varie entre première utilisation, filtre vide et état nominal.","S06,S09,S21,S22,S30",active,1.0.0
UXR-0484,25,"Chargement, vide, données partielles, stale, offline et indisponibilité",MUST,P1,AUTO,Un skeleton doit refléter la structure du contenu final et être utilisé pour des chargements suffisamment longs.,La transition n'entraîne pas de déplacement majeur.,"S06,S09,S21,S22,S30",active,1.0.0
UXR-0485,25,"Chargement, vide, données partielles, stale, offline et indisponibilité",MUST NOT,P1,AUTO,Un spinner global ne doit pas bloquer toute une page lorsque des sections peuvent se charger indépendamment.,Les requêtes et états sont localisés par section.,"S06,S09,S21,S22,S30",active,1.0.0
UXR-0486,25,"Chargement, vide, données partielles, stale, offline et indisponibilité",MUST,P1,AUTO,Les données stale doivent rester visibles avec leur dernier asOf et une indication de fraîcheur.,Le produit ne remplace pas automatiquement la dernière valeur connue par vide.,"S06,S09,S21,S22,S30",active,1.0.0
UXR-0487,25,"Chargement, vide, données partielles, stale, offline et indisponibilité",MUST,P0,AUTO,Une dernière valeur connue doit être clairement distinguée d'une valeur actuelle.,"Le label, timestamp et source indiquent le caractère historique.","S06,S09,S21,S22,S30",active,1.0.0
UXR-0488,25,"Chargement, vide, données partielles, stale, offline et indisponibilité",MUST,P1,SEMI,Une page partielle doit expliquer quelles sections et décisions sont affectées.,La bannière de qualité liste sources manquantes et impact.,"S06,S09,S21,S22,S30",active,1.0.0
UXR-0489,25,"Chargement, vide, données partielles, stale, offline et indisponibilité",MUST,P1,AUTO,Une erreur d'une source ne doit pas effacer les données fiables des autres sources.,Le composant conserve les sections utilisables.,"S06,S09,S21,S22,S30",active,1.0.0
UXR-0490,25,"Chargement, vide, données partielles, stale, offline et indisponibilité",MUST,P1,AUTO,"Le retry d'une lecture doit être borné, visible et adapté au type d'erreur.","Les 403, 404, 409 et 422 ne sont pas retraités comme des pannes réseau.","S06,S09,S21,S22,S30",active,1.0.0
UXR-0491,25,"Chargement, vide, données partielles, stale, offline et indisponibilité",MUST NOT,P0,AUTO,Une mutation sensible ne doit pas être automatiquement rejouée après une incertitude réseau sans garantie d'idempotence.,Le lifecycle vérifie le statut de commande avant toute reprise.,"S06,S09,S21,S22,S30",active,1.0.0
UXR-0492,25,"Chargement, vide, données partielles, stale, offline et indisponibilité",MUST,P1,MANUAL,"L'état offline doit distinguer les actions consultables, mises en attente et interdites.",Le produit ne promet pas une synchronisation non implémentée.,"S06,S09,S21,S22,S30",active,1.0.0
UXR-0493,25,"Chargement, vide, données partielles, stale, offline et indisponibilité",MUST,P1,MANUAL,Les changements de connectivité doivent être annoncés sans interrompre inutilement la tâche.,Une bannière persistante remplace les toasts répétés.,"S06,S09,S21,S22,S30",active,1.0.0
UXR-0494,25,"Chargement, vide, données partielles, stale, offline et indisponibilité",MUST,P1,SEMI,Les données mises en cache doivent afficher leur provenance et politique de fraîcheur dans les écrans critiques.,Le diagnostic expose dataUpdatedAt et stale status.,"S06,S09,S21,S22,S30",active,1.0.0
UXR-0495,25,"Chargement, vide, données partielles, stale, offline et indisponibilité",MUST,P1,AUTO,Le chargement optimiste doit être réservé aux préférences ou actions réversibles à faible risque.,"Les ordres, risques et changements de rôle attendent la confirmation autoritaire.","S06,S09,S21,S22,S30",active,1.0.0
UXR-0496,25,"Chargement, vide, données partielles, stale, offline et indisponibilité",MUST,P1,AUTO,Les placeholders ne doivent pas ressembler à de vraies données de production.,Le mode démo ou inconnu est explicitement signalé.,"S06,S09,S21,S22,S30",active,1.0.0
UXR-0497,25,"Chargement, vide, données partielles, stale, offline et indisponibilité",MUST,P1,AUTO,"Les progressions longues doivent proposer état, étape courante, possibilité de quitter et reprise.",La navigation ne détruit pas le suivi de l'opération.,"S06,S09,S21,S22,S30",active,1.0.0
UXR-0498,25,"Chargement, vide, données partielles, stale, offline et indisponibilité",MUST,P1,AUTO,Les timeouts doivent produire un état distinct d'une erreur métier.,"Le message propose réessai, diagnostic ou contact adapté.","S06,S09,S21,S22,S30",active,1.0.0
UXR-0499,25,"Chargement, vide, données partielles, stale, offline et indisponibilité",MUST,P1,AUTO,Tous les états de données doivent être documentés dans les stories et testés au niveau mapper et écran.,La matrice d'états est complète avant fusion.,"S06,S09,S21,S22,S30",active,1.0.0
UXR-0500,25,"Chargement, vide, données partielles, stale, offline et indisponibilité",MUST,P0,AUTO,Le frontend ne doit jamais déduire le succès ou l'état nominal de l'absence d'erreur.,Seul un statut ou une donnée autoritaire peut établir le résultat.,"S06,S09,S21,S22,S30",active,1.0.0
UXR-0501,26,"Feedback, statuts, notifications, toasts et confirmations",MUST,P0,AUTO,"Toute action utilisateur doit produire un feedback perceptible indiquant réception, progression ou résultat.",Le test confirme un changement visible et accessible après activation.,"S06,S07,S09",active,1.0.0
UXR-0502,26,"Feedback, statuts, notifications, toasts et confirmations",MUST,P0,AUTO,Un reçu ACCEPTED ne doit pas être présenté comme un succès métier terminal.,L'UI suit RUNNING puis SUCCEEDED ou FAILED et relit la ressource.,"S06,S07,S09",active,1.0.0
UXR-0503,26,"Feedback, statuts, notifications, toasts et confirmations",MUST,P1,MANUAL,"Un toast doit être réservé à un message bref, non bloquant et non nécessaire à une décision ultérieure.","Les informations critiques utilisent une bannière, un panneau ou une page d'état.","S06,S07,S09",active,1.0.0
UXR-0504,26,"Feedback, statuts, notifications, toasts et confirmations",MUST,P1,SEMI,Les toasts doivent rester assez longtemps pour être lus et pouvoir être consultés autrement s'ils contiennent une information importante.,Un centre de notifications ou historique conserve les événements utiles.,"S06,S07,S09",active,1.0.0
UXR-0505,26,"Feedback, statuts, notifications, toasts et confirmations",MUST NOT,P1,AUTO,Plusieurs toasts ne doivent pas s'empiler jusqu'à masquer le contenu ou les actions.,"Les événements sont regroupés, dédupliqués ou mis en file.","S06,S07,S09",active,1.0.0
UXR-0506,26,"Feedback, statuts, notifications, toasts et confirmations",MUST,P1,MANUAL,Les messages de succès doivent nommer l'objet ou l'effet réel lorsque cela aide la vérification.,« Stratégie suspendue » est préféré à « Succès ».,"S06,S07,S09",active,1.0.0
UXR-0507,26,"Feedback, statuts, notifications, toasts et confirmations",MUST,P1,AUTO,"Les notifications doivent distinguer information, succès, avertissement, erreur et action requise.","Le registre de statuts associe sémantique, priorité et présentation.","S06,S07,S09",active,1.0.0
UXR-0508,26,"Feedback, statuts, notifications, toasts et confirmations",MUST,P1,MANUAL,"La sévérité visuelle doit refléter l'impact utilisateur, non le niveau technique interne.",Une panne de source secondaire ne ressemble pas à un incident critique global.,"S06,S07,S09",active,1.0.0
UXR-0509,26,"Feedback, statuts, notifications, toasts et confirmations",MUST,P1,AUTO,Les alertes persistantes doivent pouvoir être acquittées seulement lorsque l'acquittement a une signification métier réelle.,L'action est auditée et ne supprime pas la cause.,"S06,S07,S09",active,1.0.0
UXR-0510,26,"Feedback, statuts, notifications, toasts et confirmations",MUST,P1,AUTO,Une notification liée à un objet doit permettre d'ouvrir cet objet ou son incident.,Le lien conserve contexte et permission.,"S06,S07,S09",active,1.0.0
UXR-0511,26,"Feedback, statuts, notifications, toasts et confirmations",MUST,P1,AUTO,Les compteurs non lus doivent provenir d'une source réelle et être remis à jour de façon cohérente.,Aucun badge statique ou fictif n'est affiché.,"S06,S07,S09",active,1.0.0
UXR-0512,26,"Feedback, statuts, notifications, toasts et confirmations",MUST,P1,MANUAL,Les confirmations ne doivent pas répéter systématiquement les actions sans risque.,"Elles sont réservées aux conséquences coûteuses, irréversibles ou surprenantes.","S06,S07,S09",active,1.0.0
UXR-0513,26,"Feedback, statuts, notifications, toasts et confirmations",MUST,P1,MANUAL,"Une confirmation sensible doit présenter objet, impact, portée, raison et action finale sans ambiguïté.",Le CTA reprend le verbe exact de l'opération.,"S06,S07,S09",active,1.0.0
UXR-0514,26,"Feedback, statuts, notifications, toasts et confirmations",MUST,P1,AUTO,"Un succès partiel doit indiquer ce qui a réussi, échoué et ce qui reste à faire.",Le message ne masque pas les éléments en erreur.,"S06,S07,S09",active,1.0.0
UXR-0515,26,"Feedback, statuts, notifications, toasts et confirmations",MUST,P1,MANUAL,Les notifications temps réel doivent être priorisées pour protéger l'attention.,Les événements mineurs alimentent un flux sans interrompre la tâche.,"S06,S07,S09",active,1.0.0
UXR-0516,26,"Feedback, statuts, notifications, toasts et confirmations",MUST,P1,SEMI,Les annonces aria-live doivent être limitées aux transitions importantes et utiliser le niveau de politesse approprié.,Le lecteur d'écran ne répète pas les mises à jour non essentielles.,"S06,S07,S09",active,1.0.0
UXR-0517,26,"Feedback, statuts, notifications, toasts et confirmations",MUST,P1,MANUAL,La fermeture d'une bannière doit être persistée seulement si l'utilisateur peut raisonnablement ne plus la voir.,Les alertes critiques réapparaissent tant que la condition persiste.,"S06,S07,S09",active,1.0.0
UXR-0518,26,"Feedback, statuts, notifications, toasts et confirmations",MUST,P1,AUTO,"Les notifications doivent respecter les préférences, quiet hours et canaux sans permettre de désactiver silencieusement les alertes obligatoires.",La politique et la préférence sont distinguées.,"S06,S07,S09",active,1.0.0
UXR-0519,26,"Feedback, statuts, notifications, toasts et confirmations",MUST,P1,AUTO,"Les timestamps de notifications doivent utiliser timezone et format cohérents, avec date absolue accessible lorsque le relatif devient ambigu.",Le tooltip ou détail expose l'heure exacte.,"S06,S07,S09",active,1.0.0
UXR-0520,26,"Feedback, statuts, notifications, toasts et confirmations",MUST,P0,AUTO,"Le feedback d'une action critique doit être vérifié contre l'état backend final et l'audit, pas seulement contre la réponse HTTP initiale.","Le test E2E confirme mutation, ressource et receipt.","S06,S07,S09",active,1.0.0
UXR-0521,27,"Onboarding, apprentissage, aide et documentation intégrée",MUST,P1,MANUAL,"L'onboarding doit être centré sur la première valeur obtenue, pas sur la visite exhaustive des menus.",Le parcours mène à une tâche réelle et un résultat observable.,"S05,S06,S10",active,1.0.0
UXR-0522,27,"Onboarding, apprentissage, aide et documentation intégrée",MUST,P1,MANUAL,Les informations indispensables à une tâche doivent être disponibles au moment et à l'endroit où elles sont nécessaires.,L'utilisateur n'est pas obligé de consulter une documentation externe pour une étape critique.,"S05,S06,S10",active,1.0.0
UXR-0523,27,"Onboarding, apprentissage, aide et documentation intégrée",MUST NOT,P1,AUTO,Une visite guidée imposée ne doit pas bloquer l'accès au produit sans raison réglementaire ou de sécurité.,Elle peut être ignorée et relancée.,"S05,S06,S10",active,1.0.0
UXR-0524,27,"Onboarding, apprentissage, aide et documentation intégrée",MUST,P1,MANUAL,"Les empty states de première utilisation doivent expliquer le concept, la prochaine action et un exemple réaliste.",Le contenu ne se limite pas à « aucune donnée ».,"S05,S06,S10",active,1.0.0
UXR-0525,27,"Onboarding, apprentissage, aide et documentation intégrée",MUST,P1,SEMI,L'aide contextuelle doit utiliser le vocabulaire de l'écran et conserver le contexte d'objet.,"Le lien d'aide ouvre la section pertinente, pas la page d'accueil de la documentation.","S05,S06,S10",active,1.0.0
UXR-0526,27,"Onboarding, apprentissage, aide et documentation intégrée",MUST,P1,AUTO,Les utilisateurs doivent pouvoir retrouver ultérieurement les aides montrées une seule fois.,"Un centre d'aide, une commande ou un lien permet de les relancer.","S05,S06,S10",active,1.0.0
UXR-0527,27,"Onboarding, apprentissage, aide et documentation intégrée",MUST,P1,MANUAL,Les nouveautés produit doivent être annoncées selon leur impact et non par une accumulation de badges.,Les changements critiques disposent d'un résumé et d'une migration claire.,"S05,S06,S10",active,1.0.0
UXR-0528,27,"Onboarding, apprentissage, aide et documentation intégrée",SHOULD,P2,AUTO,Les exemples doivent utiliser des données crédibles et étiquetées comme démonstration.,Aucune donnée fictive ne peut être confondue avec une donnée réelle.,"S05,S06,S10",active,1.0.0
UXR-0529,27,"Onboarding, apprentissage, aide et documentation intégrée",MUST,P1,MANUAL,Les concepts complexes doivent être expliqués par niveaux de profondeur.,"Un résumé court mène vers détails, définition et preuve technique.","S05,S06,S10",active,1.0.0
UXR-0530,27,"Onboarding, apprentissage, aide et documentation intégrée",MUST,P1,MANUAL,"La documentation des actions dangereuses doit inclure conséquences, prérequis, rollback et audit.",Le lien est disponible avant confirmation.,"S05,S06,S10",active,1.0.0
UXR-0531,27,"Onboarding, apprentissage, aide et documentation intégrée",MUST,P1,SEMI,Les raccourcis et fonctions expertes doivent être découvrables sans encombrer l'expérience novice.,"Une palette, aide clavier ou tooltip fournit l'information.","S05,S06,S10",active,1.0.0
UXR-0532,27,"Onboarding, apprentissage, aide et documentation intégrée",MUST,P1,MANUAL,Une aide ne doit pas masquer un défaut de conception récurrent.,Les questions fréquentes déclenchent une amélioration du parcours.,"S05,S06,S10",active,1.0.0
UXR-0533,27,"Onboarding, apprentissage, aide et documentation intégrée",MUST,P1,SEMI,Les termes métier doivent être définis dans un glossaire accessible depuis le contexte.,Les définitions restent cohérentes entre produit et documentation.,"S05,S06,S10",active,1.0.0
UXR-0534,27,"Onboarding, apprentissage, aide et documentation intégrée",MUST,P1,SEMI,Les contenus d'aide doivent être versionnés avec le produit et testés contre l'interface actuelle.,"Les liens, captures et étapes obsolètes sont détectés avant release.","S05,S06,S10",active,1.0.0
UXR-0535,27,"Onboarding, apprentissage, aide et documentation intégrée",MUST,P1,AUTO,"Les tutoriels doivent respecter clavier, lecteur d'écran, zoom et réduction de mouvement.",L'aide n'introduit pas une couche inaccessible au-dessus du produit.,"S05,S06,S10",active,1.0.0
UXR-0536,27,"Onboarding, apprentissage, aide et documentation intégrée",MUST,P1,AUTO,Les utilisateurs expérimentés doivent pouvoir désactiver les conseils non essentiels.,La préférence n'affecte pas les alertes ou obligations.,"S05,S06,S10",active,1.0.0
UXR-0537,27,"Onboarding, apprentissage, aide et documentation intégrée",SHOULD,P2,MANUAL,"Le produit peut proposer des exemples de requêtes, filtres ou commandes pour réduire la charge de rappel.",Les exemples sont contextuels et modifiables.,"S05,S06,S10",active,1.0.0
UXR-0538,27,"Onboarding, apprentissage, aide et documentation intégrée",MUST,P1,MANUAL,Les messages d'aide doivent expliquer le « pourquoi » lorsque l'action paraît restrictive ou inhabituelle.,"La règle, la permission ou le risque est exprimé clairement.","S05,S06,S10",active,1.0.0
UXR-0539,27,"Onboarding, apprentissage, aide et documentation intégrée",MUST,P1,SEMI,"L'onboarding doit être mesuré par réussite de tâche et autonomie, pas seulement par taux de complétion.","Les métriques incluent activation, erreurs et besoin d'assistance.","S05,S06,S10",active,1.0.0
UXR-0540,27,"Onboarding, apprentissage, aide et documentation intégrée",MUST,P1,MANUAL,Chaque parcours critique doit être utilisable par un nouvel utilisateur du rôle sans explication orale prolongée.,Un test d'utilisabilité valide la prise en main.,"S05,S06,S10",active,1.0.0
UXR-0541,28,"Content design, microcopy et langage produit",MUST,P1,MANUAL,"Le contenu doit être clair, direct et orienté vers la tâche plutôt que promotionnel dans l'interface produit.","La revue supprime jargon, slogans et formulations vagues.","S06,S08,S10,S15,S16",active,1.0.0
UXR-0542,28,"Content design, microcopy et langage produit",MUST,P1,MANUAL,Les libellés d'action doivent décrire le résultat réel avec un verbe spécifique.,Le CTA permet de prédire l'effet sans contexte supplémentaire.,"S06,S08,S10,S15,S16",active,1.0.0
UXR-0543,28,"Content design, microcopy et langage produit",MUST,P1,MANUAL,"Les titres doivent aider à trouver et comprendre le contenu, pas répéter la navigation mot pour mot sans valeur.","Chaque titre indique objet, état ou tâche pertinente.","S06,S08,S10,S15,S16",active,1.0.0
UXR-0544,28,"Content design, microcopy et langage produit",MUST,P1,SEMI,Les messages doivent utiliser une terminologie stable issue d'un glossaire.,Les synonymes non contrôlés et changements de vocabulaire sont signalés.,"S06,S08,S10,S15,S16",active,1.0.0
UXR-0545,28,"Content design, microcopy et langage produit",MUST NOT,P1,MANUAL,"Le produit ne doit pas culpabiliser, intimider ou manipuler l'utilisateur pour obtenir une action.","Les refus, annulations et choix alternatifs utilisent un ton neutre.","S06,S08,S10,S15,S16",active,1.0.0
UXR-0546,28,"Content design, microcopy et langage produit",MUST,P1,MANUAL,"Les messages d'erreur doivent être spécifiques, humains et actionnables.",Ils nomment le problème et la correction sans blâme.,"S06,S08,S10,S15,S16",active,1.0.0
UXR-0547,28,"Content design, microcopy et langage produit",MUST,P1,MANUAL,Les confirmations doivent nommer l'objet et l'effet plutôt que demander seulement « Êtes-vous sûr ? ».,Le texte reste compréhensible hors contexte visuel.,"S06,S08,S10,S15,S16",active,1.0.0
UXR-0548,28,"Content design, microcopy et langage produit",MUST,P1,AUTO,"Les dates, nombres, devises et unités doivent être formatés, pas concaténés à la main.",Les fonctions de localisation centralisées sont utilisées.,"S06,S08,S10,S15,S16",active,1.0.0
UXR-0549,28,"Content design, microcopy et langage produit",MUST,P1,MANUAL,Les abréviations doivent être limitées aux termes connus du public cible et expliquées autrement.,Le test novice ou glossaire valide les termes.,"S06,S08,S10,S15,S16",active,1.0.0
UXR-0550,28,"Content design, microcopy et langage produit",MUST,P1,MANUAL,Les phrases doivent rester courtes sans sacrifier les conditions nécessaires à une décision sensible.,Le contenu hiérarchise résumé et détails.,"S06,S08,S10,S15,S16",active,1.0.0
UXR-0551,28,"Content design, microcopy et langage produit",SHOULD,P2,MANUAL,"La voix du produit doit être documentée par contexte comme neutre, urgent, pédagogique ou rassurant.","Les exemples couvrent succès, erreur, incident et action dangereuse.","S06,S08,S10,S15,S16",active,1.0.0
UXR-0552,28,"Content design, microcopy et langage produit",MUST,P1,MANUAL,"Les informations critiques ne doivent pas être cachées dans un tooltip, une note de bas de page ou un texte secondaire peu contrasté.",Elles apparaissent dans le flux principal de décision.,"S06,S08,S10,S15,S16",active,1.0.0
UXR-0553,28,"Content design, microcopy et langage produit",MUST,P1,AUTO,Les labels visibles et noms accessibles doivent rester cohérents.,Un contrôle n'est pas annoncé avec une action différente de son texte.,"S06,S08,S10,S15,S16",active,1.0.0
UXR-0554,28,"Content design, microcopy et langage produit",MUST,P1,MANUAL,"Les pronoms, genres et références culturelles doivent être évités lorsqu'ils ne sont pas nécessaires.",Le contenu reste inclusif et localisable.,"S06,S08,S10,S15,S16",active,1.0.0
UXR-0555,28,"Content design, microcopy et langage produit",MUST,P1,AUTO,Les chaînes UI doivent être externalisées et ne pas être fragmentées en morceaux impossibles à traduire.,Le catalogue contient des messages complets avec contexte.,"S06,S08,S10,S15,S16",active,1.0.0
UXR-0556,28,"Content design, microcopy et langage produit",MUST,P1,AUTO,Les textes de statut doivent décrire l'état réel et non une interprétation optimiste.,"UNKNOWN, PARTIAL et STALE restent explicites.","S06,S08,S10,S15,S16",active,1.0.0
UXR-0557,28,"Content design, microcopy et langage produit",MUST,P1,AUTO,Les liens doivent avoir un texte descriptif qui reste compréhensible hors contexte.,« Voir les détails de l'incident » remplace « Cliquer ici ».,"S06,S08,S10,S15,S16",active,1.0.0
UXR-0558,28,"Content design, microcopy et langage produit",MUST,P1,MANUAL,Les unités techniques rares doivent être expliquées ou converties selon le rôle utilisateur.,L'inspecteur peut conserver la valeur brute.,"S06,S08,S10,S15,S16",active,1.0.0
UXR-0559,28,"Content design, microcopy et langage produit",MUST,P1,SEMI,"Le contenu doit être testé avec longueur localisée, lecteur d'écran et données réelles.",Les stories de contenu extrême ne cassent pas la compréhension.,"S06,S08,S10,S15,S16",active,1.0.0
UXR-0560,28,"Content design, microcopy et langage produit",MUST,P1,SEMI,"Toute modification de terminologie métier doit prévoir migration, recherche par alias et mise à jour de la documentation.",La décision est enregistrée dans le glossaire et les tests.,"S06,S08,S10,S15,S16",active,1.0.0
UXR-0561,29,"Internationalisation, localisation et diversité culturelle",MUST,P1,AUTO,L'internationalisation doit être intégrée à l'architecture avant la première localisation.,"Les chaînes, formats et direction ne sont pas codés en dur dans les composants.","S03,S08",active,1.0.0
UXR-0562,29,"Internationalisation, localisation et diversité culturelle",MUST,P1,AUTO,Le document HTML doit déclarer la langue principale et les changements de langue internes.,Les attributs lang sont valides et testés.,"S03,S08",active,1.0.0
UXR-0563,29,"Internationalisation, localisation et diversité culturelle",MUST,P1,AUTO,Le layout doit supporter les directions LTR et RTL lorsque les marchés cibles l'exigent.,Les propriétés logiques CSS remplacent left et right lorsque pertinent.,"S03,S08",active,1.0.0
UXR-0564,29,"Internationalisation, localisation et diversité culturelle",MUST,P1,AUTO,"Les dates, heures, nombres, devises et pourcentages doivent utiliser les APIs de localisation.",Aucune concaténation manuelle ne produit les formats affichés.,"S03,S08",active,1.0.0
UXR-0565,29,"Internationalisation, localisation et diversité culturelle",MUST,P1,AUTO,La timezone de l'utilisateur et celle du domaine doivent être distinguées lorsque leur différence affecte la décision.,Le libellé montre la zone et l'instant autoritaire.,"S03,S08",active,1.0.0
UXR-0566,29,"Internationalisation, localisation et diversité culturelle",MUST,P1,AUTO,Les chaînes ne doivent pas être assemblées à partir de fragments qui imposent une grammaire.,Les messages complets utilisent paramètres nommés et règles pluriel.,"S03,S08",active,1.0.0
UXR-0567,29,"Internationalisation, localisation et diversité culturelle",MUST,P1,AUTO,Les pluriels et genres doivent utiliser les mécanismes de message adaptés à la locale.,"Les tests couvrent zéro, un, deux et plusieurs selon les langues.","S03,S08",active,1.0.0
UXR-0568,29,"Internationalisation, localisation et diversité culturelle",MUST,P1,AUTO,Le contenu doit supporter une expansion importante sans troncature fonctionnelle.,Les pseudo-locales et libellés longs sont testés.,"S03,S08",active,1.0.0
UXR-0569,29,"Internationalisation, localisation et diversité culturelle",MUST,P1,MANUAL,"Les noms de personnes, adresses et téléphones ne doivent pas être modélisés selon un seul pays sans besoin explicite.",Les formulaires acceptent les structures pertinentes aux marchés.,"S03,S08",active,1.0.0
UXR-0570,29,"Internationalisation, localisation et diversité culturelle",MUST NOT,P1,MANUAL,Un drapeau ne doit pas être utilisé pour sélectionner une langue.,Le sélecteur affiche les noms des langues dans une forme compréhensible.,"S03,S08",active,1.0.0
UXR-0571,29,"Internationalisation, localisation et diversité culturelle",MUST,P1,MANUAL,"Les symboles, couleurs et métaphores doivent être évalués culturellement.",La revue locale documente les risques d'ambiguïté.,"S03,S08",active,1.0.0
UXR-0572,29,"Internationalisation, localisation et diversité culturelle",MUST,P1,MANUAL,"Les contenus traduits doivent conserver le même niveau d'autorité, de sécurité et de précision que la langue source.",Les actions dangereuses et erreurs sont revues humainement.,"S03,S08",active,1.0.0
UXR-0573,29,"Internationalisation, localisation et diversité culturelle",MUST,P1,AUTO,Le fallback de traduction doit être explicite et ne pas afficher des clés internes.,Le produit utilise une langue de repli ou marque le contenu indisponible.,"S03,S08",active,1.0.0
UXR-0574,29,"Internationalisation, localisation et diversité culturelle",MUST,P1,AUTO,"Les recherches doivent prendre en compte accents, variantes de casse et segmentation de la langue.",Les tests utilisent des requêtes localisées réelles.,"S03,S08",active,1.0.0
UXR-0575,29,"Internationalisation, localisation et diversité culturelle",MUST,P1,SEMI,Les polices doivent couvrir les scripts supportés sans fallback visuellement incohérent.,La matrice typographique teste les glyphes cibles.,"S03,S08",active,1.0.0
UXR-0576,29,"Internationalisation, localisation et diversité culturelle",MUST,P1,AUTO,"Les captures, images et exemples contenant du texte doivent être localisables ou remplacés par du contenu HTML.",Aucun texte critique n'est figé dans un média.,"S03,S08",active,1.0.0
UXR-0577,29,"Internationalisation, localisation et diversité culturelle",MUST,P1,AUTO,"Les formats d'export doivent indiquer locale, timezone et conventions numériques.",Le fichier reste interprétable hors interface.,"S03,S08",active,1.0.0
UXR-0578,29,"Internationalisation, localisation et diversité culturelle",MUST,P1,SEMI,Les raccourcis clavier basés sur des lettres doivent être évalués selon clavier et langue.,Une configuration ou alternative existe en cas de conflit.,"S03,S08",active,1.0.0
UXR-0579,29,"Internationalisation, localisation et diversité culturelle",MUST,P1,SEMI,"Chaque locale doit avoir un propriétaire, un état de couverture et des tests de régression.",La release ne mélange pas traductions manquantes et contenu réel sans signalement.,"S03,S08",active,1.0.0
UXR-0580,29,"Internationalisation, localisation et diversité culturelle",MUST,P1,AUTO,L'interface doit être testée dans au moins une pseudo-locale expansive et un mode RTL avant validation du design system.,Les composants critiques passent les deux scénarios.,"S03,S08",active,1.0.0
UXR-0581,30,"Mobile, tactile, gestes et contexte de mobilité",MUST,P0,AUTO,Les cibles tactiles principales doivent atteindre au moins 44 par 44 CSS px selon le standard interne.,"Les tests mesurent la hitbox réelle, pas seulement l'icône.","S01,S07,S08",active,1.0.0
UXR-0582,30,"Mobile, tactile, gestes et contexte de mobilité",MUST,P1,MANUAL,Les contrôles adjacents doivent être suffisamment espacés pour limiter les activations involontaires.,Les actions dangereuses sont particulièrement isolées.,"S01,S07,S08",active,1.0.0
UXR-0583,30,"Mobile, tactile, gestes et contexte de mobilité",MUST,P1,AUTO,Les gestes doivent avoir une alternative visible pour les utilisateurs qui ne peuvent pas les effectuer ou les découvrir.,"Swipe, drag et pinch ne sont jamais l'unique chemin.","S01,S07,S08",active,1.0.0
UXR-0584,30,"Mobile, tactile, gestes et contexte de mobilité",MUST,P1,MANUAL,Les actions fréquentes doivent être accessibles dans la zone de confort sans masquer les contenus critiques.,Le placement considère une utilisation à une main sans en faire une règle absolue.,"S01,S07,S08",active,1.0.0
UXR-0585,30,"Mobile, tactile, gestes et contexte de mobilité",MUST,P1,AUTO,"Le clavier virtuel ne doit pas masquer le champ actif, les erreurs ou l'action de progression.",Le viewport et le scroll s'ajustent sur iOS et Android cibles.,"S01,S07,S08",active,1.0.0
UXR-0586,30,"Mobile, tactile, gestes et contexte de mobilité",MUST,P1,AUTO,Les types de clavier doivent correspondre aux données attendues.,"email, tel, decimal et autres inputmode sont configurés.","S01,S07,S08",active,1.0.0
UXR-0587,30,"Mobile, tactile, gestes et contexte de mobilité",MUST NOT,P1,AUTO,Le zoom utilisateur ne doit pas être désactivé par la meta viewport.,Le linter bloque user-scalable=no et maximum-scale restrictif.,"S01,S07,S08",active,1.0.0
UXR-0588,30,"Mobile, tactile, gestes et contexte de mobilité",MUST,P1,AUTO,"Les safe areas, encoches et barres système doivent être prises en compte.",Les éléments fixes utilisent les insets appropriés.,"S01,S07,S08",active,1.0.0
UXR-0589,30,"Mobile, tactile, gestes et contexte de mobilité",MUST,P1,AUTO,Les états hover doivent avoir un équivalent tactile explicite.,Les informations et actions restent disponibles après tap ou dans une vue dédiée.,"S01,S07,S08",active,1.0.0
UXR-0590,30,"Mobile, tactile, gestes et contexte de mobilité",MUST,P1,MANUAL,Les tableaux denses doivent être transformés selon les priorités mobiles.,"Les cartes ou listes conservent identité, statut et action critique.","S01,S07,S08",active,1.0.0
UXR-0591,30,"Mobile, tactile, gestes et contexte de mobilité",MUST,P1,MANUAL,"Les formulaires mobiles doivent minimiser la saisie et exploiter autofill, sélection et capture appropriée.",Le nombre de frappes nécessaires est évalué.,"S01,S07,S08",active,1.0.0
UXR-0592,30,"Mobile, tactile, gestes et contexte de mobilité",MUST,P1,AUTO,Les flux doivent tolérer les interruptions et permettre la reprise sans perte de données.,La navigation système et le retour à l'application restaurent l'état.,"S01,S07,S08",active,1.0.0
UXR-0593,30,"Mobile, tactile, gestes et contexte de mobilité",MUST,P1,AUTO,Les données critiques doivent indiquer leur fraîcheur lorsque le réseau mobile est instable.,Le dernier asOf et l'état offline restent visibles.,"S01,S07,S08",active,1.0.0
UXR-0594,30,"Mobile, tactile, gestes et contexte de mobilité",MUST,P1,AUTO,Les composants ne doivent pas dépendre d'un pointer précis ou d'un hover prolongé.,Le tactile et les limitations motrices sont pris en compte.,"S01,S07,S08",active,1.0.0
UXR-0595,30,"Mobile, tactile, gestes et contexte de mobilité",MUST,P1,SEMI,"Les animations et effets doivent être limités pour préserver performance, batterie et attention.",Le profil mobile mesure jank et consommation réseau.,"S01,S07,S08",active,1.0.0
UXR-0596,30,"Mobile, tactile, gestes et contexte de mobilité",MUST,P1,AUTO,Les changements d'orientation ne doivent pas déclencher une action ni perdre la sélection.,Le state reste cohérent en portrait et paysage.,"S01,S07,S08",active,1.0.0
UXR-0597,30,"Mobile, tactile, gestes et contexte de mobilité",MUST,P1,SEMI,"Les notifications push doivent respecter consentement, pertinence, fréquence et navigation profonde.",Chaque notification mène à un état actuel et autorisé.,"S01,S07,S08",active,1.0.0
UXR-0598,30,"Mobile, tactile, gestes et contexte de mobilité",MUST,P1,MANUAL,Les actions critiques ne doivent pas être placées uniquement dans un geste caché ou un menu difficile à atteindre.,Un chemin visible et confirmable existe.,"S01,S07,S08",active,1.0.0
UXR-0599,30,"Mobile, tactile, gestes et contexte de mobilité",MUST,P1,MANUAL,"Les écrans mobiles doivent être testés sur appareils réels, pas uniquement dans un émulateur desktop.",La matrice de release inclut au moins les plateformes cibles représentatives.,"S01,S07,S08",active,1.0.0
UXR-0600,30,"Mobile, tactile, gestes et contexte de mobilité",MUST,P1,MANUAL,"Le mobile doit afficher d'abord état, exception, action et objet courant, puis déplacer l'analyse secondaire vers des sous-pages.",La hiérarchie suit le contrat d'exploitation mobile.,"S01,S07,S08",active,1.0.0
UXR-0601,31,"SaaS enterprise, rôles, permissions et multi-contexte",MUST,P0,AUTO,La visibilité d'une route et d'une action doit être dérivée des capabilities et permissions réelles de session.,Le frontend ne contient pas d'allowlist statique qui simule le RBAC.,"S04,S06,S13,S30",active,1.0.0
UXR-0602,31,"SaaS enterprise, rôles, permissions et multi-contexte",MUST,P0,AUTO,"Le backend doit revalider toute permission, même lorsque le frontend masque ou désactive l'action.",Les tests d'autorisation appellent directement l'API avec un rôle insuffisant.,"S04,S06,S13,S30",active,1.0.0
UXR-0603,31,"SaaS enterprise, rôles, permissions et multi-contexte",MUST,P0,AUTO,"Le contexte actif comme tenant, établissement, compte ou environnement doit être visible en permanence lorsqu'une confusion serait dangereuse.",Le shell expose le contexte et les requêtes le transportent explicitement.,"S04,S06,S13,S30",active,1.0.0
UXR-0604,31,"SaaS enterprise, rôles, permissions et multi-contexte",MUST,P0,AUTO,Un changement vers un environnement plus sensible doit demander une confirmation et un step-up selon la politique.,Le passage LIVE ou admin produit un audit et un feedback clair.,"S04,S06,S13,S30",active,1.0.0
UXR-0605,31,"SaaS enterprise, rôles, permissions et multi-contexte",MUST,P1,SEMI,Les écrans doivent expliquer les données partielles causées par les permissions.,Un agrégat indique que certains domaines sont exclus sans révéler leur contenu.,"S04,S06,S13,S30",active,1.0.0
UXR-0606,31,"SaaS enterprise, rôles, permissions et multi-contexte",MUST,P1,MANUAL,Les rôles doivent être décrits par capacités et responsabilités plutôt que par titres vagues uniquement.,La page d'accès montre ce qui est permis et interdit.,"S04,S06,S13,S30",active,1.0.0
UXR-0607,31,"SaaS enterprise, rôles, permissions et multi-contexte",MUST,P1,SEMI,"Les demandes d'accès doivent indiquer ressource, justification, durée, approbateurs et risque.",Le workflow ne se limite pas à un bouton « demander ».,"S04,S06,S13,S30",active,1.0.0
UXR-0608,31,"SaaS enterprise, rôles, permissions et multi-contexte",MUST,P1,AUTO,Les accès temporaires doivent afficher leur expiration et proposer renouvellement contrôlé.,L'utilisateur et l'administrateur voient la date et l'impact.,"S04,S06,S13,S30",active,1.0.0
UXR-0609,31,"SaaS enterprise, rôles, permissions et multi-contexte",MUST,P1,AUTO,"Les actions nécessitant quatre yeux doivent montrer clairement l'auteur, l'approbateur et l'état de la demande.",Aucun utilisateur ne peut remplir les deux rôles lorsque la policy l'interdit.,"S04,S06,S13,S30",active,1.0.0
UXR-0610,31,"SaaS enterprise, rôles, permissions et multi-contexte",MUST,P1,AUTO,Les changements de contexte doivent conserver seulement les états compatibles et réinitialiser explicitement les autres.,"Filtres, sélections et caches ne traversent pas un tenant de façon dangereuse.","S04,S06,S13,S30",active,1.0.0
UXR-0611,31,"SaaS enterprise, rôles, permissions et multi-contexte",MUST,P0,AUTO,"Aucune donnée d'un autre tenant ou périmètre ne doit apparaître pendant un chargement, une transition ou un cache stale.",Les query keys et caches incluent le contexte d'autorisation.,"S04,S06,S13,S30",active,1.0.0
UXR-0612,31,"SaaS enterprise, rôles, permissions et multi-contexte",MUST,P1,MANUAL,Les administrateurs doivent disposer d'un espace distinct des tâches quotidiennes lorsque les actions sont rares et sensibles.,La navigation et le style réduisent les déclenchements accidentels.,"S04,S06,S13,S30",active,1.0.0
UXR-0613,31,"SaaS enterprise, rôles, permissions et multi-contexte",MUST,P1,AUTO,Les états d'accès refusé doivent préciser le scope manquant et le recours autorisé sans exposer de données sensibles.,Le 403 est contextualisé et auditable.,"S04,S06,S13,S30",active,1.0.0
UXR-0614,31,"SaaS enterprise, rôles, permissions et multi-contexte",MUST,P1,AUTO,"Les fonctionnalités non souscrites, non autorisées et non implémentées doivent avoir des états distincts.",Le message et le CTA correspondent à la cause réelle.,"S04,S06,S13,S30",active,1.0.0
UXR-0615,31,"SaaS enterprise, rôles, permissions et multi-contexte",MUST,P1,AUTO,Les préférences personnelles ne doivent pas modifier les politiques organisationnelles ou masquer les contrôles obligatoires.,La provenance de chaque réglage est visible.,"S04,S06,S13,S30",active,1.0.0
UXR-0616,31,"SaaS enterprise, rôles, permissions et multi-contexte",MUST,P1,SEMI,"Les journaux d'audit doivent afficher acteur, action, objet, contexte, heure, résultat et corrélation.",L'utilisateur habilité peut vérifier une modification sensible.,"S04,S06,S13,S30",active,1.0.0
UXR-0617,31,"SaaS enterprise, rôles, permissions et multi-contexte",MUST,P1,MANUAL,"Les invitations et activations de compte doivent expliquer l'organisation, le rôle et la durée avant acceptation.",L'utilisateur sait à quel périmètre il rejoint.,"S04,S06,S13,S30",active,1.0.0
UXR-0618,31,"SaaS enterprise, rôles, permissions et multi-contexte",MUST,P1,SEMI,Les changements de rôle doivent fournir un diff compréhensible des capacités gagnées et perdues.,La confirmation montre l'impact avant enregistrement.,"S04,S06,S13,S30",active,1.0.0
UXR-0619,31,"SaaS enterprise, rôles, permissions et multi-contexte",MUST,P1,AUTO,"Les vues enterprise doivent supporter grandes cardinalités, filtres serveur, exports et saved views sans masquer les limites.",Les budgets et limites sont documentés.,"S04,S06,S13,S30",active,1.0.0
UXR-0620,31,"SaaS enterprise, rôles, permissions et multi-contexte",MUST,P0,AUTO,"Les scénarios E2E doivent couvrir au minimum lecteur, opérateur, approbateur et administrateur avec accès distincts.","La matrice confirme routes, actions, refus et audit pour chaque rôle.","S04,S06,S13,S30",active,1.0.0
UXR-0621,32,"Actions dangereuses, commandes, audit et réversibilité",MUST,P0,AUTO,Toute action dangereuse doit être liée à un command type backend réellement implémenté.,"Le capability catalog annonce support, permission et lifecycle.","S26,S27,S30",active,1.0.0
UXR-0622,32,"Actions dangereuses, commandes, audit et réversibilité",MUST,P0,AUTO,Une action dangereuse doit présenter un preview d'impact avant confirmation.,"Le preview nomme objets, portée, conséquences et dépendances.","S26,S27,S30",active,1.0.0
UXR-0623,32,"Actions dangereuses, commandes, audit et réversibilité",MUST,P0,AUTO,La confirmation doit demander une raison lorsque l'audit ou la politique l'exige.,"La raison est validée, persistée et visible dans le receipt.","S26,S27,S30",active,1.0.0
UXR-0624,32,"Actions dangereuses, commandes, audit et réversibilité",MUST,P0,AUTO,"Les opérations les plus critiques doivent utiliser une confirmation renforcée comme phrase, re-authentification ou quatre yeux.","Le niveau de confirmation est défini par policy, pas par la page.","S26,S27,S30",active,1.0.0
UXR-0625,32,"Actions dangereuses, commandes, audit et réversibilité",MUST,P0,AUTO,Chaque commande doit utiliser une clé d'idempotence et une version attendue lorsque la concurrence est possible.,Les doublons et conflits sont testés.,"S26,S27,S30",active,1.0.0
UXR-0626,32,"Actions dangereuses, commandes, audit et réversibilité",MUST,P0,AUTO,"L'interface doit distinguer SUBMITTED, ACCEPTED, RUNNING, SUCCEEDED, FAILED, CANCELLED et TIMED_OUT selon le contrat réel.",Le statut terminal vient du backend et non d'un timeout UI.,"S26,S27,S30",active,1.0.0
UXR-0627,32,"Actions dangereuses, commandes, audit et réversibilité",MUST,P0,AUTO,Un succès ne doit être affiché qu'après état terminal et relecture cohérente de la ressource.,Le test E2E compare résultat attendu et projection.,"S26,S27,S30",active,1.0.0
UXR-0628,32,"Actions dangereuses, commandes, audit et réversibilité",MUST,P0,AUTO,"Une commande non implémentée doit être absente, désactivée avec raison ou rejetée explicitement.",Elle ne produit jamais un faux reçu de succès.,"S26,S27,S30",active,1.0.0
UXR-0629,32,"Actions dangereuses, commandes, audit et réversibilité",MUST,P0,AUTO,Les retries de commande doivent vérifier le statut existant avant de créer une nouvelle intention.,Le système évite les doubles effets après rupture réseau.,"S26,S27,S30",active,1.0.0
UXR-0630,32,"Actions dangereuses, commandes, audit et réversibilité",MUST,P0,AUTO,Toute action dangereuse doit produire un audit receipt consultable.,"Le receipt contient command ID, acteur, objet, raison, timestamps, résultat et corrélation.","S26,S27,S30",active,1.0.0
UXR-0631,32,"Actions dangereuses, commandes, audit et réversibilité",MUST,P1,MANUAL,Le rollback doit être proposé lorsque techniquement et métierment possible.,Le preview explique ce qui est réversible et ce qui ne l'est pas.,"S26,S27,S30",active,1.0.0
UXR-0632,32,"Actions dangereuses, commandes, audit et réversibilité",MUST,P1,MANUAL,"Une action destructive doit préférer une désactivation, archive ou période de grâce lorsque le métier le permet.",Le choix de suppression définitive est justifié.,"S26,S27,S30",active,1.0.0
UXR-0633,32,"Actions dangereuses, commandes, audit et réversibilité",MUST,P0,AUTO,"Les actions de kill, cutover, promotion LIVE, override et modification de policy doivent être isolées dans un workflow dédié.",Elles ne sont pas déclenchables depuis une simple carte overview.,"S26,S27,S30",active,1.0.0
UXR-0634,32,"Actions dangereuses, commandes, audit et réversibilité",MUST,P1,AUTO,La progression d'une commande doit rester consultable après navigation ou reconnexion.,Un centre global de commandes et l'audit restaurent l'état.,"S26,S27,S30",active,1.0.0
UXR-0635,32,"Actions dangereuses, commandes, audit et réversibilité",MUST,P1,AUTO,L'utilisateur doit pouvoir annuler une commande seulement si l'autorité confirme qu'elle est encore annulable.,Le bouton se base sur capability et état courant.,"S26,S27,S30",active,1.0.0
UXR-0636,32,"Actions dangereuses, commandes, audit et réversibilité",MUST,P1,SEMI,Une commande concurrente ou superseded doit expliquer quelle intention fait autorité.,Le détail montre la relation entre commandes et résultat final.,"S26,S27,S30",active,1.0.0
UXR-0637,32,"Actions dangereuses, commandes, audit et réversibilité",MUST,P0,AUTO,Les paramètres sensibles d'une commande doivent être affichés dans le preview mais masqués selon les permissions.,"Aucun secret ne fuit dans l'UI, l'URL ou l'audit.","S26,S27,S30",active,1.0.0
UXR-0638,32,"Actions dangereuses, commandes, audit et réversibilité",MUST,P1,AUTO,Le résultat partiel d'une commande de masse doit détailler chaque objet et permettre une reprise ciblée.,Le produit ne résume pas tout par un succès global.,"S26,S27,S30",active,1.0.0
UXR-0639,32,"Actions dangereuses, commandes, audit et réversibilité",MUST,P1,AUTO,"Les écrans de commande doivent être testés avec 403, 409, 422, 501, 503, timeout et reconnexion.",Chaque cas possède un message et une récupération distincts.,"S26,S27,S30",active,1.0.0
UXR-0640,32,"Actions dangereuses, commandes, audit et réversibilité",MUST,P0,SEMI,"Aucune action à haut risque ne peut être libérée sans revue sécurité, test E2E réel, feature flag et rollback de release.",La Definition of Done contient les quatre preuves.,"S26,S27,S30",active,1.0.0
UXR-0641,33,"Confidentialité, sécurité, confiance et absence de manipulation",MUST,P0,MANUAL,La collecte de données doit être limitée à ce qui est nécessaire pour la finalité déclarée.,Chaque champ et événement analytique possède une justification et une durée de conservation.,"S26,S27,S28,S29",active,1.0.0
UXR-0642,33,"Confidentialité, sécurité, confiance et absence de manipulation",MUST,P0,SEMI,Les paramètres par défaut doivent protéger la confidentialité et limiter l'exposition.,Les options les plus permissives exigent un choix explicite lorsqu'applicable.,"S26,S27,S28,S29",active,1.0.0
UXR-0643,33,"Confidentialité, sécurité, confiance et absence de manipulation",MUST,P0,MANUAL,"Le consentement doit être libre, spécifique, informé, explicite et aussi simple à retirer qu'à donner.","Les parcours accepter, refuser et retirer ont une complexité comparable.","S26,S27,S28,S29",active,1.0.0
UXR-0644,33,"Confidentialité, sécurité, confiance et absence de manipulation",MUST NOT,P0,MANUAL,"Le design ne doit pas utiliser de faux choix, obstruction, urgence artificielle, honte ou asymétrie visuelle pour influencer une décision.",Une revue anti-patterns évalue chaque parcours de consentement et abonnement.,"S26,S27,S28,S29",active,1.0.0
UXR-0645,33,"Confidentialité, sécurité, confiance et absence de manipulation",MUST,P0,MANUAL,"Les conséquences de sécurité et de confidentialité doivent être présentées avant l'action, pas après.","Le contenu explique partage, visibilité, conservation et révocation.","S26,S27,S28,S29",active,1.0.0
UXR-0646,33,"Confidentialité, sécurité, confiance et absence de manipulation",MUST,P0,AUTO,"Les secrets, tokens, mots de passe et données sensibles ne doivent pas apparaître dans URL, logs, analytics ou messages d'erreur.",Les tests et scans inspectent les canaux de sortie.,"S26,S27,S28,S29",active,1.0.0
UXR-0647,33,"Confidentialité, sécurité, confiance et absence de manipulation",MUST,P0,AUTO,Les champs de secret doivent supporter les gestionnaires de mots de passe et les méthodes d'authentification accessibles.,Le produit n'empêche pas paste ou autofill sans raison démontrée.,"S26,S27,S28,S29",active,1.0.0
UXR-0648,33,"Confidentialité, sécurité, confiance et absence de manipulation",MUST,P0,MANUAL,L'authentification doit réduire la friction inutile tout en appliquant le niveau d'assurance approprié au risque.,La policy définit step-up et alternatives de récupération.,"S26,S27,S28,S29",active,1.0.0
UXR-0649,33,"Confidentialité, sécurité, confiance et absence de manipulation",MUST,P0,AUTO,"Les sessions, appareils et environnements actifs doivent être visibles et révocables selon le rôle.","Le compte montre activité, date, localisation approximative et action sûre.","S26,S27,S28,S29",active,1.0.0
UXR-0650,33,"Confidentialité, sécurité, confiance et absence de manipulation",MUST,P0,AUTO,Les messages de sécurité ne doivent pas confirmer l'existence d'un compte ou d'une ressource à un utilisateur non autorisé.,Les réponses et contenus évitent l'énumération.,"S26,S27,S28,S29",active,1.0.0
UXR-0651,33,"Confidentialité, sécurité, confiance et absence de manipulation",MUST,P0,AUTO,"Les données masquées doivent rester masquées dans le DOM, les exports et les APIs, pas seulement par CSS.",Le backend applique la redaction et les tests inspectent la réponse.,"S26,S27,S28,S29",active,1.0.0
UXR-0652,33,"Confidentialité, sécurité, confiance et absence de manipulation",MUST,P1,SEMI,"Les actions de copie, export et partage de données sensibles doivent être explicites et auditables.",Le produit indique périmètre et classification avant l'action.,"S26,S27,S28,S29",active,1.0.0
UXR-0653,33,"Confidentialité, sécurité, confiance et absence de manipulation",MUST,P1,MANUAL,Les liens externes et téléchargements doivent signaler le changement de contexte et les risques pertinents.,"L'utilisateur connaît destination, format et sensibilité.","S26,S27,S28,S29",active,1.0.0
UXR-0654,33,"Confidentialité, sécurité, confiance et absence de manipulation",MUST,P0,AUTO,Les inputs doivent être validés et encodés sans demander au frontend de garantir seul la sécurité.,"Le backend applique validation, autorisation et sortie sûre.","S26,S27,S28,S29",active,1.0.0
UXR-0655,33,"Confidentialité, sécurité, confiance et absence de manipulation",MUST,P1,SEMI,Les contenus générés par des utilisateurs doivent être distingués des messages système et neutralisés contre l'usurpation visuelle.,Le style et la provenance empêchent de simuler une alerte autoritaire.,"S26,S27,S28,S29",active,1.0.0
UXR-0656,33,"Confidentialité, sécurité, confiance et absence de manipulation",MUST,P1,MANUAL,Les choix de confidentialité doivent utiliser un langage neutre et symétrique.,Refuser n'est pas visuellement dégradé ou caché.,"S26,S27,S28,S29",active,1.0.0
UXR-0657,33,"Confidentialité, sécurité, confiance et absence de manipulation",MUST,P1,MANUAL,Les fonctionnalités de personnalisation doivent expliquer quelles données sont utilisées et permettre la désactivation lorsque requise.,Le contrôle et la politique sont accessibles depuis le contexte.,"S26,S27,S28,S29",active,1.0.0
UXR-0658,33,"Confidentialité, sécurité, confiance et absence de manipulation",MUST,P1,AUTO,"Les analytics produit ne doivent pas capturer automatiquement des champs, payloads ou écrans sensibles.",Une allowlist d'événements et redaction est appliquée.,"S26,S27,S28,S29",active,1.0.0
UXR-0659,33,"Confidentialité, sécurité, confiance et absence de manipulation",MUST,P0,SEMI,"Les parcours de récupération de compte doivent être testés contre abus, exclusion et perte d'accès.",Plusieurs méthodes sûres et accessibles sont prévues selon le risque.,"S26,S27,S28,S29",active,1.0.0
UXR-0660,33,"Confidentialité, sécurité, confiance et absence de manipulation",MUST,P0,SEMI,"Une revue privacy et security doit être menée pour toute nouvelle donnée personnelle, action sensible ou intégration tierce.","La PR contient classification, menace, finalité, rétention et contrôles.","S26,S27,S28,S29",active,1.0.0
UXR-0661,34,"Expériences IA, explicabilité et contrôle humain",MUST,P0,MANUAL,Une fonctionnalité IA doit résoudre un besoin utilisateur réel que l'IA peut traiter de façon appropriée.,La spécification compare l'approche IA à une solution déterministe ou manuelle.,"S17,S18,S30",active,1.0.0
UXR-0662,34,"Expériences IA, explicabilité et contrôle humain",MUST,P0,AUTO,"Le produit doit indiquer clairement quand un contenu, score ou recommandation provient d'une IA.",Le label reste visible au moment de la décision.,"S17,S18,S30",active,1.0.0
UXR-0663,34,"Expériences IA, explicabilité et contrôle humain",MUST,P0,AUTO,"Le niveau d'autorité de l'IA doit être explicite comme advisory, proposal ou automated selon la policy.",La présentation ne confond pas recommandation et décision canonique.,"S17,S18,S30",active,1.0.0
UXR-0664,34,"Expériences IA, explicabilité et contrôle humain",MUST,P0,AUTO,L'IA ne doit pas déclencher directement une action sensible lorsque le contrat exige une décision humaine ou déterministe.,"Le workflow passe par preview, permission et confirmation.","S17,S18,S30",active,1.0.0
UXR-0665,34,"Expériences IA, explicabilité et contrôle humain",MUST,P1,MANUAL,Les explications doivent être adaptées à la question de l'utilisateur et non exposer un raisonnement interne brut.,"Le produit fournit sources, facteurs, limites et résultat utile.","S17,S18,S30",active,1.0.0
UXR-0666,34,"Expériences IA, explicabilité et contrôle humain",MUST,P0,SEMI,"Les sources, cutoffs, modèle, version de prompt et outils doivent être traçables pour les décisions importantes.",Un inspecteur autorisé expose la provenance et l'audit.,"S17,S18,S30",active,1.0.0
UXR-0667,34,"Expériences IA, explicabilité et contrôle humain",MUST,P1,MANUAL,"Le produit doit expliquer les limites, incertitudes et cas où l'IA peut se tromper.",Le contenu est contextuel et évite les avertissements génériques invisibles.,"S17,S18,S30",active,1.0.0
UXR-0668,34,"Expériences IA, explicabilité et contrôle humain",MUST,P1,AUTO,"L'utilisateur doit pouvoir corriger, rejeter ou ignorer une recommandation lorsque le rôle le permet.",Le système conserve le feedback sans pénaliser arbitrairement l'utilisateur.,"S17,S18,S30",active,1.0.0
UXR-0669,34,"Expériences IA, explicabilité et contrôle humain",MUST,P1,MANUAL,Les recommandations doivent être évaluées avec des métriques liées au résultat utilisateur et aux risques.,La qualité ne se limite pas à l'engagement ou au taux d'acceptation.,"S17,S18,S30",active,1.0.0
UXR-0670,34,"Expériences IA, explicabilité et contrôle humain",MUST,P0,AUTO,"Les hallucinations ou sources indisponibles doivent produire un état incertain, pas une réponse confiante.",Le rendu marque absence de preuve et bloque l'action sensible.,"S17,S18,S30",active,1.0.0
UXR-0671,34,"Expériences IA, explicabilité et contrôle humain",MUST,P1,AUTO,Les citations doivent ouvrir la source exacte ou le contexte utilisé.,Un lien générique vers une page d'accueil n'est pas une preuve suffisante.,"S17,S18,S30",active,1.0.0
UXR-0672,34,"Expériences IA, explicabilité et contrôle humain",MUST,P1,AUTO,Les actions préparées par l'IA doivent être présentées comme brouillons modifiables avant exécution.,"L'utilisateur voit paramètres, portée et conséquences.","S17,S18,S30",active,1.0.0
UXR-0673,34,"Expériences IA, explicabilité et contrôle humain",MUST,P1,MANUAL,Les interfaces IA doivent protéger contre l'automation bias en présentant alternatives et facteurs contradictoires pertinents.,La recommandation n'occupe pas seule tout l'espace de décision.,"S17,S18,S30",active,1.0.0
UXR-0674,34,"Expériences IA, explicabilité et contrôle humain",MUST,P1,AUTO,"Les conversations doivent conserver contexte, entités, permissions et version de modèle de façon traçable.",Le retour ultérieur reproduit le périmètre ou signale ce qui a changé.,"S17,S18,S30",active,1.0.0
UXR-0675,34,"Expériences IA, explicabilité et contrôle humain",MUST,P1,AUTO,"Les données sensibles envoyées à un modèle doivent respecter minimisation, consentement, redaction et politique fournisseur.",Le pipeline est documenté et testé.,"S17,S18,S30",active,1.0.0
UXR-0676,34,"Expériences IA, explicabilité et contrôle humain",MUST,P1,AUTO,"Les latences longues de génération doivent afficher progression honnête, possibilité d'annuler et travail en arrière-plan si prévu.",Aucun faux pourcentage n'est affiché.,"S17,S18,S30",active,1.0.0
UXR-0677,34,"Expériences IA, explicabilité et contrôle humain",MUST,P1,MANUAL,Un fallback déterministe ou humain doit exister pour les tâches critiques lorsque l'IA est indisponible.,Le parcours reste réalisable ou explicitement bloqué avec recours.,"S17,S18,S30",active,1.0.0
UXR-0678,34,"Expériences IA, explicabilité et contrôle humain",MUST,P1,AUTO,Les prompts utilisateur et contenus récupérés doivent être traités comme non fiables.,"Le système sépare instructions système, données et contenu externe.","S17,S18,S30",active,1.0.0
UXR-0679,34,"Expériences IA, explicabilité et contrôle humain",MUST,P1,SEMI,"Les changements de modèle ou prompt doivent être versionnés, évalués et déployés sous feature flag.",Les régressions de comportement et d'explication sont testées.,"S17,S18,S30",active,1.0.0
UXR-0680,34,"Expériences IA, explicabilité et contrôle humain",MUST,P0,MANUAL,"Toute expérience IA à fort impact doit être revue pour biais, exclusion, sécurité, contrôle humain et audit avant release.",La checklist de gouvernance IA contient des preuves pour les cinq axes.,"S17,S18,S30",active,1.0.0
UXR-0681,35,"Temps réel, flux live et actualisation continue",MUST,P0,AUTO,"Toute donnée live doit afficher son asOf, sa source et son état de connexion.","L'utilisateur peut distinguer actuel, stale et last known.","S06,S19,S22,S30",active,1.0.0
UXR-0682,35,"Temps réel, flux live et actualisation continue",MUST,P0,AUTO,Une déconnexion ne doit jamais être interprétée comme un état nominal ou une absence d'événement.,Le statut passe à disconnected avec dernier heartbeat.,"S06,S19,S22,S30",active,1.0.0
UXR-0683,35,"Temps réel, flux live et actualisation continue",MUST,P1,AUTO,"Les mises à jour temps réel doivent préserver focus, sélection, scroll et saisie.",Les tests injectent des événements pendant l'interaction.,"S06,S19,S22,S30",active,1.0.0
UXR-0684,35,"Temps réel, flux live et actualisation continue",MUST,P1,MANUAL,Les listes live ne doivent pas réordonner agressivement les lignes sous le pointeur ou le focus.,"Les nouveaux éléments sont regroupés, signalés ou appliqués sur demande.","S06,S19,S22,S30",active,1.0.0
UXR-0685,35,"Temps réel, flux live et actualisation continue",MUST,P1,AUTO,Les utilisateurs doivent pouvoir mettre en pause un flux lorsqu'une investigation exige un état stable.,Le compteur de nouveaux événements reste visible et la reprise est contrôlée.,"S06,S19,S22,S30",active,1.0.0
UXR-0686,35,"Temps réel, flux live et actualisation continue",MUST,P1,MANUAL,"La cadence d'actualisation doit être adaptée à la décision et au coût, pas maximale par défaut.","Le contrat de donnée définit fréquence, tolérance et budget.","S06,S19,S22,S30",active,1.0.0
UXR-0687,35,"Temps réel, flux live et actualisation continue",MUST,P1,AUTO,Les événements doivent invalider uniquement les queries et objets concernés.,Aucun refetch global n'est déclenché pour chaque tick.,"S06,S19,S22,S30",active,1.0.0
UXR-0688,35,"Temps réel, flux live et actualisation continue",MUST,P1,AUTO,"La reconnexion doit utiliser un curseur, sequence ou mécanisme de reprise pour éviter pertes et doublons.",Les tests simulent interruption et replay.,"S06,S19,S22,S30",active,1.0.0
UXR-0689,35,"Temps réel, flux live et actualisation continue",MUST,P1,AUTO,"Les événements hors ordre, dupliqués ou retardés doivent être détectés et traités explicitement.","Le reducer utilise IDs stables, versions et timestamps autoritaires.","S06,S19,S22,S30",active,1.0.0
UXR-0690,35,"Temps réel, flux live et actualisation continue",MUST,P1,SEMI,Les transitions critiques doivent être annoncées tandis que les updates fréquentes restent silencieuses pour les lecteurs d'écran.,Le système de priorité filtre aria-live.,"S06,S19,S22,S30",active,1.0.0
UXR-0691,35,"Temps réel, flux live et actualisation continue",MUST,P1,MANUAL,Les animations de mise à jour ne doivent pas créer de distraction continue.,Seules les nouvelles exceptions importantes reçoivent une attention visuelle temporaire.,"S06,S19,S22,S30",active,1.0.0
UXR-0692,35,"Temps réel, flux live et actualisation continue",MUST,P1,SEMI,Une valeur qui change rapidement doit permettre d'accéder à son historique ou à sa tendance.,L'utilisateur peut distinguer bruit et changement significatif.,"S06,S19,S22,S30",active,1.0.0
UXR-0693,35,"Temps réel, flux live et actualisation continue",MUST,P1,AUTO,Les horloges et countdowns doivent utiliser une source de temps cohérente et gérer dérive et timezone.,Le serveur ou une synchronisation autoritaire fournit la référence.,"S06,S19,S22,S30",active,1.0.0
UXR-0694,35,"Temps réel, flux live et actualisation continue",MUST,P1,AUTO,Les commandes live doivent conserver leur progression même si le flux d'événements se coupe.,Le fallback polling ou status lookup restaure le lifecycle.,"S06,S19,S22,S30",active,1.0.0
UXR-0695,35,"Temps réel, flux live et actualisation continue",MUST,P1,AUTO,"Une vue live doit offrir un état de session explicite comme pré-ouverture, active, pause ou fermée.",Le calendrier backend fait autorité.,"S06,S19,S22,S30",active,1.0.0
UXR-0696,35,"Temps réel, flux live et actualisation continue",MUST,P1,AUTO,Les données de prix ou métriques rapides doivent limiter les re-renders et le travail du thread principal.,Le profiling confirme des interactions fluides.,"S06,S19,S22,S30",active,1.0.0
UXR-0697,35,"Temps réel, flux live et actualisation continue",MUST,P1,AUTO,Les notifications live doivent être dédupliquées par identifiant et cause.,Une même condition ne génère pas une avalanche de messages.,"S06,S19,S22,S30",active,1.0.0
UXR-0698,35,"Temps réel, flux live et actualisation continue",MUST,P1,SEMI,Les utilisateurs doivent pouvoir distinguer un événement planifié d'un événement réellement observé.,La timeline planned versus actual utilise sémantique et source distinctes.,"S06,S19,S22,S30",active,1.0.0
UXR-0699,35,"Temps réel, flux live et actualisation continue",MUST,P1,AUTO,"Les vues live doivent être testées sous latence, perte, duplication, burst et clock skew.",Les scénarios de résilience font partie de l'E2E.,"S06,S19,S22,S30",active,1.0.0
UXR-0700,35,"Temps réel, flux live et actualisation continue",MUST,P0,SEMI,Un écran live à haut enjeu ne peut être validé uniquement avec un flux mock régulier.,Les tests utilisent le runtime réel ou un simulateur contractuel injectant des anomalies.,"S06,S19,S22,S30",active,1.0.0
UXR-0701,36,"Design system, tokens, primitives et gouvernance visuelle",MUST,P0,AUTO,"Le design system doit être la source de vérité pour tokens, primitives et patterns transverses.",Les features ne recopient pas styles et composants fondamentaux.,"S07,S09,S11,S12,S13,S15,S23",active,1.0.0
UXR-0702,36,"Design system, tokens, primitives et gouvernance visuelle",MUST,P1,AUTO,Les tokens doivent suivre une nomenclature sémantique et un format interopérable aligné sur le standard DTCG lorsque possible.,Le fichier de tokens est validé par schéma et résolu sans erreur.,"S07,S09,S11,S12,S13,S15,S23",active,1.0.0
UXR-0703,36,"Design system, tokens, primitives et gouvernance visuelle",MUST,P1,AUTO,Les primitives globales doivent rester indépendantes du domaine métier.,"Button ou Modal ne connaît ni stratégie, ni élève, ni ordre.","S07,S09,S11,S12,S13,S15,S23",active,1.0.0
UXR-0704,36,"Design system, tokens, primitives et gouvernance visuelle",MUST,P1,MANUAL,"Un composant ne doit entrer dans shared que si son contrat est stable, transverse ou réellement réutilisé.",La PR fournit les usages et invariants communs.,"S07,S09,S11,S12,S13,S15,S23",active,1.0.0
UXR-0705,36,"Design system, tokens, primitives et gouvernance visuelle",MUST NOT,P1,SEMI,Le dossier shared ne doit pas devenir une zone de dépôt par défaut.,"Chaque ajout indique propriétaire, responsabilité et consommateurs.","S07,S09,S11,S12,S13,S15,S23",active,1.0.0
UXR-0706,36,"Design system, tokens, primitives et gouvernance visuelle",MUST,P1,AUTO,"Chaque composant doit documenter objectif, variantes, états, accessibilité, responsive, densité et exemples d'usage.",La documentation Storybook ou équivalente est complète.,"S07,S09,S11,S12,S13,S15,S23",active,1.0.0
UXR-0707,36,"Design system, tokens, primitives et gouvernance visuelle",MUST,P1,AUTO,Chaque composant interactif doit fournir ses comportements clavier et sémantiques par défaut.,Les consommateurs ne reconstruisent pas focus et ARIA localement.,"S07,S09,S11,S12,S13,S15,S23",active,1.0.0
UXR-0708,36,"Design system, tokens, primitives et gouvernance visuelle",MUST,P1,AUTO,Les props de style arbitraires doivent être limitées au profit de variantes nommées et tokens.,La surface API n'accepte pas des valeurs libres qui contournent le système.,"S07,S09,S11,S12,S13,S15,S23",active,1.0.0
UXR-0709,36,"Design system, tokens, primitives et gouvernance visuelle",MUST,P1,MANUAL,"Les composants doivent exposer loading, disabled, error ou empty uniquement lorsque ces états appartiennent réellement à leur responsabilité.",Le composant ne mélange pas logique de page et présentation générique.,"S07,S09,S11,S12,S13,S15,S23",active,1.0.0
UXR-0710,36,"Design system, tokens, primitives et gouvernance visuelle",MUST,P1,MANUAL,Les variantes visuelles doivent correspondre à une différence sémantique ou de contexte documentée.,Deux variantes presque identiques sont fusionnées ou justifiées.,"S07,S09,S11,S12,S13,S15,S23",active,1.0.0
UXR-0711,36,"Design system, tokens, primitives et gouvernance visuelle",MUST,P1,AUTO,"La dépréciation d'un composant ou token doit fournir migration, délai et détection des usages restants.",La CI signale les imports dépréciés.,"S07,S09,S11,S12,S13,S15,S23",active,1.0.0
UXR-0712,36,"Design system, tokens, primitives et gouvernance visuelle",MUST,P1,AUTO,Les composants doivent être testés dans tous les thèmes et densités supportés.,La matrice de stories rend les combinaisons pertinentes.,"S07,S09,S11,S12,S13,S15,S23",active,1.0.0
UXR-0713,36,"Design system, tokens, primitives et gouvernance visuelle",MUST,P1,SEMI,Les composants de données doivent accepter des modèles typés plutôt que des fragments HTML arbitraires pour les invariants importants.,"L'API garantit unité, état, provenance et actions attendues.","S07,S09,S11,S12,S13,S15,S23",active,1.0.0
UXR-0714,36,"Design system, tokens, primitives et gouvernance visuelle",MUST,P1,MANUAL,"Les escape hatches doivent être rares, nommées et documentées avec les risques.",Toute prop unsafe ou unstyled possède un cas d'usage approuvé.,"S07,S09,S11,S12,S13,S15,S23",active,1.0.0
UXR-0715,36,"Design system, tokens, primitives et gouvernance visuelle",MUST,P1,SEMI,"Une contribution au design system doit être revue par design, frontend et accessibilité.",Les approbateurs sont définis dans CODEOWNERS ou le workflow.,"S07,S09,S11,S12,S13,S15,S23",active,1.0.0
UXR-0716,36,"Design system, tokens, primitives et gouvernance visuelle",MUST,P1,AUTO,Les tokens de fondation ne doivent pas être modifiés sans analyse d'impact visuel multi-écrans.,Une visual regression couvre les consommateurs majeurs.,"S07,S09,S11,S12,S13,S15,S23",active,1.0.0
UXR-0717,36,"Design system, tokens, primitives et gouvernance visuelle",MUST,P1,AUTO,"Le design system doit inclure des états de vérité comme partial, stale, disconnected et forbidden lorsque le produit en dépend.",Les patterns sont cohérents dans tous les domaines.,"S07,S09,S11,S12,S13,S15,S23",active,1.0.0
UXR-0718,36,"Design system, tokens, primitives et gouvernance visuelle",MUST,P1,MANUAL,Les composants complexes doivent fournir une composition guidée plutôt qu'un composant géant configurable par dizaines de flags.,L'API favorise sous-composants et slots contrôlés.,"S07,S09,S11,S12,S13,S15,S23",active,1.0.0
UXR-0719,36,"Design system, tokens, primitives et gouvernance visuelle",MUST,P1,AUTO,Le catalogue interne doit servir de documentation exécutable et de banc de tests.,"Chaque story représente un état utilisateur, pas seulement une variante esthétique.","S07,S09,S11,S12,S13,S15,S23",active,1.0.0
UXR-0720,36,"Design system, tokens, primitives et gouvernance visuelle",MUST,P0,SEMI,Une feature ne doit pas contourner une limitation du design system par copie locale silencieuse.,"Elle contribue une correction, ouvre une dérogation ou documente un composant métier distinct.","S07,S09,S11,S12,S13,S15,S23",active,1.0.0
UXR-0721,37,"API de composants, composition et responsabilités UI",MUST,P1,MANUAL,Un composant doit avoir une responsabilité visuelle ou interactionnelle cohérente et une raison principale de changer.,La description du composant tient en une phrase précise.,"S02,S07,S09,S21,S24",active,1.0.0
UXR-0722,37,"API de composants, composition et responsabilités UI",MUST,P1,AUTO,Les composants de présentation doivent recevoir des données déjà adaptées à l'affichage.,Ils ne calculent pas un KPI métier ni ne normalisent un DTO brut.,"S02,S07,S09,S21,S24",active,1.0.0
UXR-0723,37,"API de composants, composition et responsabilités UI",MUST,P1,AUTO,Les composants de feature peuvent connaître le domaine mais ne doivent pas appeler directement le transport si une couche data-access existe.,Les requêtes et commandes sont injectées par hooks ou contrôleurs de feature.,"S02,S07,S09,S21,S24",active,1.0.0
UXR-0724,37,"API de composants, composition et responsabilités UI",MUST,P1,SEMI,"Une page routée doit orchestrer contexte, paramètres, états et composition sans contenir tout le markup du domaine.",Les sections cohérentes sont extraites selon leur responsabilité.,"S02,S07,S09,S21,S24",active,1.0.0
UXR-0725,37,"API de composants, composition et responsabilités UI",MUST NOT,P1,AUTO,Un composant ne doit pas recevoir un grand objet global lorsqu'il n'utilise que quelques champs.,Les props minimisent le couplage et restent typées.,"S02,S07,S09,S21,S24",active,1.0.0
UXR-0726,37,"API de composants, composition et responsabilités UI",MUST,P1,AUTO,"Les props doivent exprimer intention et état, pas des détails CSS comme blue, small ou marginLeft.",Les variantes portent des noms sémantiques.,"S02,S07,S09,S21,S24",active,1.0.0
UXR-0727,37,"API de composants, composition et responsabilités UI",MUST,P1,SEMI,Les événements émis doivent décrire l'intention utilisateur comme confirmRequested ou rowSelected.,Les noms onClick génériques sont évités dans les composants métier.,"S02,S07,S09,S21,S24",active,1.0.0
UXR-0728,37,"API de composants, composition et responsabilités UI",MUST,P1,MANUAL,"Un composant contrôlé doit documenter source de vérité, événements et comportement par défaut.",Les consommateurs savent qui possède l'état.,"S02,S07,S09,S21,S24",active,1.0.0
UXR-0729,37,"API de composants, composition et responsabilités UI",MUST,P1,AUTO,L'état local doit rester local tant qu'il n'est pas partagé ou nécessaire à une URL.,Aucun store global n'est créé pour un toggle isolé.,"S02,S07,S09,S21,S24",active,1.0.0
UXR-0730,37,"API de composants, composition et responsabilités UI",MUST,P1,AUTO,Les composants doivent éviter les états impossibles en utilisant unions discriminées ou modèles explicites.,Loading et data incohérents ne coexistent pas sans signification.,"S02,S07,S09,S21,S24",active,1.0.0
UXR-0731,37,"API de composants, composition et responsabilités UI",MUST,P1,MANUAL,Les children ou slots doivent être utilisés lorsque la composition est plus stable qu'une multiplication de flags.,L'API reste lisible et les invariants essentiels sont protégés.,"S02,S07,S09,S21,S24",active,1.0.0
UXR-0732,37,"API de composants, composition et responsabilités UI",MUST NOT,P1,AUTO,Une prop boolean ne doit pas changer simultanément plusieurs comportements sans nom explicite.,Les modes complexes utilisent une variante ou un objet de configuration typé.,"S02,S07,S09,S21,S24",active,1.0.0
UXR-0733,37,"API de composants, composition et responsabilités UI",MUST,P1,AUTO,"Les composants asynchrones doivent séparer rendu, effet et commande pour faciliter les tests.",Les tests peuvent simuler chaque état sans réseau réel.,"S02,S07,S09,S21,S24",active,1.0.0
UXR-0734,37,"API de composants, composition et responsabilités UI",MUST,P1,AUTO,Les composants doivent préserver les attributs HTML et refs nécessaires à l'accessibilité lorsqu'ils enveloppent un élément natif.,Le focus et les labels restent fonctionnels.,"S02,S07,S09,S21,S24",active,1.0.0
UXR-0735,37,"API de composants, composition et responsabilités UI",MUST,P1,AUTO,Les clés de liste doivent être stables et issues de l'identité métier.,"Index, Math.random et UUID généré au rendu sont interdits.","S02,S07,S09,S21,S24",active,1.0.0
UXR-0736,37,"API de composants, composition et responsabilités UI",MUST,P1,AUTO,"Les composants doivent être résilients aux contenus vides, longs et localisés.",Les stories de stress couvrent les limites.,"S02,S07,S09,S21,S24",active,1.0.0
UXR-0737,37,"API de composants, composition et responsabilités UI",MUST,P1,AUTO,Un composant ne doit pas muter ses props ou données serveur.,Les transformations créent des view models immuables.,"S02,S07,S09,S21,S24",active,1.0.0
UXR-0738,37,"API de composants, composition et responsabilités UI",MUST,P1,MANUAL,Les composants complexes doivent exposer des points d'extension contrôlés plutôt qu'autoriser du DOM arbitraire partout.,L'API documente ce qui peut être remplacé sans casser la sémantique.,"S02,S07,S09,S21,S24",active,1.0.0
UXR-0739,37,"API de composants, composition et responsabilités UI",MUST,P1,AUTO,"Toute nouvelle primitive doit posséder tests d'interaction, accessibilité et visual regression.",La CI exécute les stories correspondantes.,"S02,S07,S09,S21,S24",active,1.0.0
UXR-0740,37,"API de composants, composition et responsabilités UI",MUST,P1,MANUAL,"Une abstraction ne doit être créée qu'après preuve d'un invariant commun, pas seulement d'une ressemblance visuelle.",La PR cite les usages et les différences écartées.,"S02,S07,S09,S21,S24",active,1.0.0
UXR-0741,38,Architecture frontend par feature et séparation des couches,MUST,P0,AUTO,"Le frontend doit être organisé par feature ou domaine métier, non par dossiers globaux de tous les composants et services.","La structure contient features/<domain> avec routes, pages, components, api et model.","S21,S30,S31",active,1.0.0
UXR-0742,38,Architecture frontend par feature et séparation des couches,MUST,P1,AUTO,"Le dossier core doit contenir uniquement les capacités transverses uniques comme auth, HTTP, query, realtime, commands et errors.",Aucune logique métier spécifique n'est placée dans core.,"S21,S30,S31",active,1.0.0
UXR-0743,38,Architecture frontend par feature et séparation des couches,MUST,P1,AUTO,"Le shell doit gérer navigation, contexte et chrome sans calculer les données des domaines.",Les widgets métier restent dans les features ou un endpoint composé explicite.,"S21,S30,S31",active,1.0.0
UXR-0744,38,Architecture frontend par feature et séparation des couches,MUST,P1,AUTO,Chaque feature doit posséder une API publique claire et ne pas importer les internals d'une autre.,Les règles d'architecture bloquent les imports interdits.,"S21,S30,S31",active,1.0.0
UXR-0745,38,Architecture frontend par feature et séparation des couches,MUST,P1,AUTO,Les routes doivent être déclarées par modules et chargées paresseusement lorsque pertinent.,L'ajout d'une feature n'exige pas une chaîne de ternaires dans App.,"S21,S30,S31",active,1.0.0
UXR-0746,38,Architecture frontend par feature et séparation des couches,MUST,P0,AUTO,"Le registre de routes, navigation, breadcrumbs et recherche doit être une source de vérité unique enrichie par capabilities.",Aucune sidebar parallèle n'est codée en dur.,"S21,S30,S31",active,1.0.0
UXR-0747,38,Architecture frontend par feature et séparation des couches,MUST,P1,AUTO,Les pages doivent lire leurs paramètres de route et les transmettre jusqu'à la requête réelle.,Deux IDs distincts produisent des query keys et réponses distinctes.,"S21,S30,S31",active,1.0.0
UXR-0748,38,Architecture frontend par feature et séparation des couches,MUST,P1,AUTO,Les appels réseau doivent être concentrés dans la couche api ou data-access de la feature.,Le linter signale fetch ou axios dans pages et composants.,"S21,S30,S31",active,1.0.0
UXR-0749,38,Architecture frontend par feature et séparation des couches,MUST,P1,AUTO,Les mappers doivent convertir DTO vers modèle de vue sans réimplémenter les règles métier autoritaires.,Les calculs officiels restent backend et les transformations sont testées.,"S21,S30,S31",active,1.0.0
UXR-0750,38,Architecture frontend par feature et séparation des couches,MUST,P1,AUTO,Les selectors doivent dériver uniquement des informations d'affichage ou de composition.,"Ils ne fabriquent pas statut, permission ou résultat métier.","S21,S30,S31",active,1.0.0
UXR-0751,38,Architecture frontend par feature et séparation des couches,MUST,P1,AUTO,Les erreurs doivent être normalisées dans core/errors puis contextualisées par la feature.,Les pages ne parsèment pas des messages techniques ad hoc.,"S21,S30,S31",active,1.0.0
UXR-0752,38,Architecture frontend par feature et séparation des couches,MUST,P1,AUTO,"Le realtime doit être centralisé pour connexion, reprise et distribution, puis consommé par les features.",Chaque page ne crée pas sa propre connexion SSE ou WebSocket.,"S21,S30,S31",active,1.0.0
UXR-0753,38,Architecture frontend par feature et séparation des couches,MUST,P1,AUTO,Le lifecycle de commande doit être une capacité transverse réutilisée par toutes les actions sensibles.,"Les features fournissent command type et payload, pas un faux succès local.","S21,S30,S31",active,1.0.0
UXR-0754,38,Architecture frontend par feature et séparation des couches,MUST NOT,P1,AUTO,"Un fichier viewModels, styles ou mocks monolithique ne doit pas regrouper tous les domaines.",Les limites de taille et de responsabilité déclenchent un découpage par feature.,"S21,S30,S31",active,1.0.0
UXR-0755,38,Architecture frontend par feature et séparation des couches,MUST,P1,AUTO,Les mocks doivent être chargés uniquement dans les environnements de test ou démonstration explicites.,Le bundle de production n'importe pas le dataset de démonstration.,"S21,S30,S31",active,1.0.0
UXR-0756,38,Architecture frontend par feature et séparation des couches,MUST,P1,AUTO,"Les styles doivent suivre tokens, primitives, layouts puis features.",Les selectors globaux et nth-child fragiles sont limités et revus.,"S21,S30,S31",active,1.0.0
UXR-0757,38,Architecture frontend par feature et séparation des couches,MUST,P1,AUTO,"Les dépendances entre features doivent passer par entités partagées stables ou navigation, pas par accès interne.",Un graphe de dépendances reste acyclique.,"S21,S30,S31",active,1.0.0
UXR-0758,38,Architecture frontend par feature et séparation des couches,MUST,P1,MANUAL,Les capacités techniques doivent être abstraites seulement lorsqu'un second besoin réel ou un contrat stable existe.,L'architecture évite les façades génériques prématurées.,"S21,S30,S31",active,1.0.0
UXR-0759,38,Architecture frontend par feature et séparation des couches,MUST,P1,AUTO,"Chaque feature doit inclure ses tests, fixtures et stories à proximité.",Le déplacement ou la suppression de la feature ne laisse pas de tests orphelins.,"S21,S30,S31",active,1.0.0
UXR-0760,38,Architecture frontend par feature et séparation des couches,MUST,P0,AUTO,Les frontières frontend doivent être vérifiées automatiquement dans la CI.,"Un outil d'architecture contrôle cycles, imports, taille et placement des appels réseau.","S21,S30,S31",active,1.0.0
UXR-0761,39,"Contrats API, DTO, modèles de domaine UI et provenance",MUST,P0,AUTO,Le frontend doit consommer un contrat API documenté et versionné.,Le client est généré ou fortement typé depuis OpenAPI ou schéma équivalent.,"S21,S22,S26,S30",active,1.0.0
UXR-0762,39,"Contrats API, DTO, modèles de domaine UI et provenance",MUST,P0,AUTO,Les réponses doivent être validées à l'exécution aux frontières lorsque l'incohérence présente un risque.,"Une version ou forme inconnue produit un état explicite, pas un crash silencieux.","S21,S22,S26,S30",active,1.0.0
UXR-0763,39,"Contrats API, DTO, modèles de domaine UI et provenance",MUST,P1,AUTO,Les DTO de transport doivent être distincts des view models affichés.,"Un mapper explicite gère noms, états, formats et valeurs optionnelles.","S21,S22,S26,S30",active,1.0.0
UXR-0764,39,"Contrats API, DTO, modèles de domaine UI et provenance",MUST,P0,AUTO,"Une valeur métier doit distinguer zéro réel, null, unknown, unavailable, not applicable et stale.",Le type discriminé interdit les fallbacks ambigus.,"S21,S22,S26,S30",active,1.0.0
UXR-0765,39,"Contrats API, DTO, modèles de domaine UI et provenance",MUST,P0,AUTO,"Les IDs doivent être canoniques, stables et fournis par l'autorité.",randomUUID ou Math.random ne servent jamais de fallback de lecture.,"S21,S22,S26,S30",active,1.0.0
UXR-0766,39,"Contrats API, DTO, modèles de domaine UI et provenance",MUST,P1,AUTO,"Chaque donnée critique doit porter ou permettre d'obtenir source, asOf et périmètre.",Le composant de provenance est alimenté par le modèle.,"S21,S22,S26,S30",active,1.0.0
UXR-0767,39,"Contrats API, DTO, modèles de domaine UI et provenance",MUST,P1,AUTO,Les unités et devises doivent être explicites dans le contrat ou le modèle.,Le frontend ne déduit pas une unité d'un nom de champ vague.,"S21,S22,S26,S30",active,1.0.0
UXR-0768,39,"Contrats API, DTO, modèles de domaine UI et provenance",MUST,P1,AUTO,Les enums inconnues doivent être préservées et rendues comme « valeur non reconnue » plutôt que remappées vers un état existant.,Le mapper possède un fallback sûr et observable.,"S21,S22,S26,S30",active,1.0.0
UXR-0769,39,"Contrats API, DTO, modèles de domaine UI et provenance",MUST,P0,AUTO,"Le frontend ne doit pas recalculer un statut officiel, une permission, un risque ou un PnL canonique.",La valeur autoritaire vient du backend avec version de règle si nécessaire.,"S21,S22,S26,S30",active,1.0.0
UXR-0770,39,"Contrats API, DTO, modèles de domaine UI et provenance",MUST,P1,AUTO,"Les listes volumineuses doivent recevoir pagination, tri et filtres côté serveur.",Le contrat accepte des paramètres typés et renvoie curseur ou métadonnées.,"S21,S22,S26,S30",active,1.0.0
UXR-0771,39,"Contrats API, DTO, modèles de domaine UI et provenance",MUST,P1,AUTO,Les endpoints de détail doivent exiger l'identifiant et renvoyer 404 ou 403 stricts.,Ils ne réutilisent pas une vue agrégée sans sélection réelle.,"S21,S22,S26,S30",active,1.0.0
UXR-0772,39,"Contrats API, DTO, modèles de domaine UI et provenance",MUST,P1,AUTO,Les relations entre objets doivent être exposées par identifiants stables et libellés utiles ou liens relationnels.,Le frontend ne reconstruit pas des relations à partir de texte.,"S21,S22,S26,S30",active,1.0.0
UXR-0773,39,"Contrats API, DTO, modèles de domaine UI et provenance",MUST,P1,AUTO,Les dates techniques doivent être transportées dans un format non ambigu avec timezone.,Le parsing utilise des types et rejette les chaînes invalides.,"S21,S22,S26,S30",active,1.0.0
UXR-0774,39,"Contrats API, DTO, modèles de domaine UI et provenance",MUST,P1,AUTO,Les erreurs API doivent utiliser des codes stables et une structure comme Problem Details.,"Le frontend mappe code, statut, détails et corrélation sans parser un message libre.","S21,S22,S26,S30",active,1.0.0
UXR-0775,39,"Contrats API, DTO, modèles de domaine UI et provenance",MUST,P1,SEMI,Les champs optionnels doivent avoir une sémantique documentée.,L'absence ne signifie pas implicitement false ou zéro.,"S21,S22,S26,S30",active,1.0.0
UXR-0776,39,"Contrats API, DTO, modèles de domaine UI et provenance",MUST,P1,AUTO,Les données partielles doivent indiquer quelles sous-sources ont échoué.,Le modèle de page conserve les sections fiables et expose les erreurs locales.,"S21,S22,S26,S30",active,1.0.0
UXR-0777,39,"Contrats API, DTO, modèles de domaine UI et provenance",MUST,P1,SEMI,"Le contrat doit définir les cardinalités et limites afin que l'UI choisisse table, pagination ou résumé correctement.",La Screen Specification cite volumes attendus et extrêmes.,"S21,S22,S26,S30",active,1.0.0
UXR-0778,39,"Contrats API, DTO, modèles de domaine UI et provenance",MUST,P1,AUTO,"Les changements breaking doivent utiliser version, migration et compatibilité explicites.",Le frontend ne dépend pas de champs retirés sans gate de release.,"S21,S22,S26,S30",active,1.0.0
UXR-0779,39,"Contrats API, DTO, modèles de domaine UI et provenance",MUST,P1,AUTO,"Les fixtures de contrat doivent inclure données complètes, partielles, inconnues, extrêmes et invalides.",Les tests de mapper couvrent chaque catégorie.,"S21,S22,S26,S30",active,1.0.0
UXR-0780,39,"Contrats API, DTO, modèles de domaine UI et provenance",MUST,P0,AUTO,Aucune donnée affichée comme réelle ne peut provenir d'un mock implicite ou d'une constante de page.,Le transport expose clairement le mode et la production exclut les fixtures.,"S21,S22,S26,S30",active,1.0.0
UXR-0781,40,"État client, cache serveur, URL et synchronisation",MUST,P1,AUTO,"L'état serveur doit être géré par une couche de query/cache dédiée, pas recopié dans un store client général.",Les données API restent dans TanStack Query ou équivalent.,"S21,S22",active,1.0.0
UXR-0782,40,"État client, cache serveur, URL et synchronisation",MUST,P1,AUTO,L'état UI local doit rester dans le composant le plus proche qui le possède.,Un store global n'est pas créé pour un état isolé.,"S21,S22",active,1.0.0
UXR-0783,40,"État client, cache serveur, URL et synchronisation",MUST,P1,AUTO,"Les filtres, tri, pagination, période, onglet et comparaison partageables doivent vivre dans l'URL.",Le refresh et le lien reproduisent la vue.,"S21,S22",active,1.0.0
UXR-0784,40,"État client, cache serveur, URL et synchronisation",MUST,P1,AUTO,"Les query keys doivent inclure toutes les variables qui déterminent la requête, y compris contexte et permissions pertinentes.",Le linter ou les tests vérifient les dépendances exhaustives.,"S21,S22",active,1.0.0
UXR-0785,40,"État client, cache serveur, URL et synchronisation",MUST,P1,AUTO,"Les query keys doivent être stables, sérialisables et structurées par entité ou domaine.",Des factories partagées évitent les collisions.,"S21,S22",active,1.0.0
UXR-0786,40,"État client, cache serveur, URL et synchronisation",MUST,P1,AUTO,Les invalidations doivent cibler les ressources affectées par une mutation ou un événement.,Aucun invalidateQueries global n'est utilisé sans justification.,"S21,S22",active,1.0.0
UXR-0787,40,"État client, cache serveur, URL et synchronisation",MUST,P1,SEMI,La staleTime et la stratégie de refetch doivent être définies selon la volatilité et le risque de la donnée.,"Les politiques diffèrent entre catalogue, stratégie, risque et prix live.","S21,S22",active,1.0.0
UXR-0788,40,"État client, cache serveur, URL et synchronisation",MUST,P1,AUTO,"Un cache ne doit jamais franchir un changement de tenant, environnement ou utilisateur sans isolation.",Le contexte fait partie de la clé et le cache est purgé si nécessaire.,"S21,S22",active,1.0.0
UXR-0789,40,"État client, cache serveur, URL et synchronisation",MUST,P1,AUTO,Les données placeholder et initiales doivent être identifiables pour éviter de les présenter comme fraîchement chargées.,Le composant peut distinguer placeholderData et réponse réelle.,"S21,S22",active,1.0.0
UXR-0790,40,"État client, cache serveur, URL et synchronisation",MUST,P1,AUTO,L'état dérivé ne doit pas être stocké lorsqu'il peut être calculé de façon sûre à partir d'une source unique.,Les duplications comme fullName ou compteurs locaux sont supprimées.,"S21,S22",active,1.0.0
UXR-0791,40,"État client, cache serveur, URL et synchronisation",MUST,P1,AUTO,Les états impossibles doivent être évités par une modélisation explicite.,Unions discriminées remplacent plusieurs booleans contradictoires.,"S21,S22",active,1.0.0
UXR-0792,40,"État client, cache serveur, URL et synchronisation",MUST,P1,AUTO,Les mutations optimistes doivent être limitées aux actions réversibles à faible risque.,Les opérations métier sensibles attendent l'autorité serveur.,"S21,S22",active,1.0.0
UXR-0793,40,"État client, cache serveur, URL et synchronisation",MUST,P1,AUTO,Les réponses hors ordre doivent être ignorées ou rattachées à leur requête correcte.,"AbortController, clés et versions empêchent les écrasements obsolètes.","S21,S22",active,1.0.0
UXR-0794,40,"État client, cache serveur, URL et synchronisation",MUST,P1,AUTO,Le back et forward navigateur doivent restaurer un état utilisable sans requêtes excessives ou perte de contexte.,Les tests E2E couvrent l'historique.,"S21,S22",active,1.0.0
UXR-0795,40,"État client, cache serveur, URL et synchronisation",MUST,P1,AUTO,La sélection transitoire doit être invalidée lorsque le périmètre change et l'objet n'est plus visible.,Le produit annonce ou réinitialise la sélection.,"S21,S22",active,1.0.0
UXR-0796,40,"État client, cache serveur, URL et synchronisation",MUST,P1,AUTO,Le state local ne doit pas contenir de copie mutable d'une ressource serveur sans workflow d'édition explicite.,"Les formulaires utilisent draft, version et résolution de conflit.","S21,S22",active,1.0.0
UXR-0797,40,"État client, cache serveur, URL et synchronisation",MUST,P1,AUTO,Les événements realtime doivent mettre à jour ou invalider le cache selon un reducer testé.,Le même événement ne produit pas d'états divergents entre pages.,"S21,S22",active,1.0.0
UXR-0798,40,"État client, cache serveur, URL et synchronisation",MUST,P1,AUTO,Les erreurs de query doivent rester associées à la source concernée et ne pas être aplaties en un état global unique.,La page partielle conserve ses données fiables.,"S21,S22",active,1.0.0
UXR-0799,40,"État client, cache serveur, URL et synchronisation",MUST,P1,AUTO,"Les préférences persistées doivent avoir version, défaut et migration.",Un changement de schéma ne casse pas le chargement de l'application.,"S21,S22",active,1.0.0
UXR-0800,40,"État client, cache serveur, URL et synchronisation",MUST,P0,MANUAL,"Toute source d'état doit avoir un propriétaire explicite : URL, serveur, session, composant ou préférence.",La revue refuse les duplications d'autorité non justifiées.,"S21,S22",active,1.0.0
UXR-0801,41,Performance réelle et performance perçue,MUST,P0,AUTO,"Les écrans web publics ou compatibles doivent viser LCP ≤ 2,5 s, INP ≤ 200 ms et CLS ≤ 0,1 au 75e percentile.",Les métriques terrain et laboratoire sont suivies par route critique.,"S19,S20",active,1.0.0
UXR-0802,41,Performance réelle et performance perçue,MUST,P1,SEMI,"Les applications internes doivent définir des budgets équivalents de chargement, interaction et stabilité adaptés à leur contexte.",Le blueprint produit contient seuils P75 et environnement de mesure.,"S19,S20",active,1.0.0
UXR-0803,41,Performance réelle et performance perçue,MUST,P1,AUTO,Le shell interactif doit apparaître rapidement sans attendre toutes les données métier.,Le chargement des features et sources est progressif et ciblé.,"S19,S20",active,1.0.0
UXR-0804,41,Performance réelle et performance perçue,MUST,P1,AUTO,Chaque vue doit charger uniquement les données nécessaires à sa question et à son premier viewport.,Le graphe BFF par vue exclut les sources inutiles.,"S19,S20",active,1.0.0
UXR-0805,41,Performance réelle et performance perçue,MUST,P1,AUTO,Les routes et composants lourds doivent être lazy-loadés par feature.,Le bundle initial ne contient pas les 24 pages si elles ne sont pas nécessaires.,"S19,S20",active,1.0.0
UXR-0806,41,Performance réelle et performance perçue,MUST,P1,AUTO,"Les images, fonts, charts et librairies doivent être chargés selon leur priorité réelle.",Les ressources non critiques sont différées et mesurées.,"S19,S20",active,1.0.0
UXR-0807,41,Performance réelle et performance perçue,MUST,P1,AUTO,Les dimensions de contenu dynamique doivent être réservées pour limiter le CLS.,"Images, tables et skeletons stabilisent la mise en page.","S19,S20",active,1.0.0
UXR-0808,41,Performance réelle et performance perçue,MUST,P1,AUTO,Les interactions ne doivent pas exécuter de longues tâches synchrones sur le thread principal.,Le profiling identifie et découpe les tâches longues.,"S19,S20",active,1.0.0
UXR-0809,41,Performance réelle et performance perçue,MUST,P1,AUTO,Les mises à jour live doivent être regroupées et limitées pour éviter des re-renders inutiles.,Les composants s'abonnent au minimum de données nécessaire.,"S19,S20",active,1.0.0
UXR-0810,41,Performance réelle et performance perçue,MUST,P1,SEMI,"Les listes longues doivent utiliser pagination, windowing ou rendu progressif selon l'accessibilité et la tâche.",Le choix est testé sur volume cible et extrême.,"S19,S20",active,1.0.0
UXR-0811,41,Performance réelle et performance perçue,MUST,P1,AUTO,Les calculs coûteux doivent être effectués côté backend ou worker lorsqu'ils ne relèvent pas d'une simple présentation.,Le thread UI reste disponible pour les interactions.,"S19,S20",active,1.0.0
UXR-0812,41,Performance réelle et performance perçue,MUST,P1,SEMI,Le cache doit réduire les fetches inutiles sans masquer la fraîcheur ou les changements d'autorisation.,Les politiques de stale et invalidation sont documentées.,"S19,S20",active,1.0.0
UXR-0813,41,Performance réelle et performance perçue,MUST,P1,MANUAL,"Les états de chargement doivent apparaître assez tôt pour éviter l'impression de blocage, sans clignoter pour des réponses instantanées.",Un délai ou stratégie de transition est cohérent.,"S19,S20",active,1.0.0
UXR-0814,41,Performance réelle et performance perçue,MUST NOT,P1,MANUAL,Une animation de chargement ne doit pas masquer une latence structurelle non mesurée.,"La cause réseau, backend ou rendu est profilée et traitée.","S19,S20",active,1.0.0
UXR-0815,41,Performance réelle et performance perçue,MUST,P1,AUTO,"Les métriques de performance doivent être collectées en conditions réelles avec contexte de route, appareil et réseau sans données sensibles.",Le RUM complète les tests de laboratoire.,"S19,S20",active,1.0.0
UXR-0816,41,Performance réelle et performance perçue,MUST,P1,AUTO,Les budgets de bundle doivent être appliqués par feature et dépendance.,Une augmentation exige justification et mesure d'impact.,"S19,S20",active,1.0.0
UXR-0817,41,Performance réelle et performance perçue,MUST,P1,AUTO,"Les bibliothèques dupliquées, polyfills inutiles et imports globaux doivent être détectés.",L'analyse de bundle fait partie de la CI.,"S19,S20",active,1.0.0
UXR-0818,41,Performance réelle et performance perçue,MUST,P1,AUTO,La performance doit être testée avec données réalistes et non uniquement sur une page vide.,"Les fixtures reproduisent cardinalités, contenu long et flux live.","S19,S20",active,1.0.0
UXR-0819,41,Performance réelle et performance perçue,MUST,P1,MANUAL,"Une optimisation ne doit pas dégrader accessibilité, exactitude ou maintenabilité sans preuve et arbitrage.",Le benchmark inclut les effets secondaires et une décision documentée.,"S19,S20",active,1.0.0
UXR-0820,41,Performance réelle et performance perçue,MUST,P0,AUTO,Toute régression au-delà d'un budget critique doit bloquer la release ou déclencher une dérogation datée.,La CI ou le monitoring de release applique le seuil.,"S19,S20",active,1.0.0
UXR-0821,42,"Tests UI, accessibilité, interaction, visuel et E2E",MUST,P0,AUTO,"Chaque mapper doit être testé avec DTO complet, partiel, inconnu, nul et invalide.",Les tests vérifient états de vérité et absence de faux fallbacks.,"S01,S24,S25",active,1.0.0
UXR-0822,42,"Tests UI, accessibilité, interaction, visuel et E2E",MUST,P1,AUTO,"Chaque composant partagé doit avoir des stories couvrant variantes, états et contenu extrême.",Le catalogue est exécutable en CI.,"S01,S24,S25",active,1.0.0
UXR-0823,42,"Tests UI, accessibilité, interaction, visuel et E2E",MUST,P0,AUTO,Les composants interactifs doivent avoir des tests clavier et focus.,Les scénarios utilisent des rôles et noms accessibles.,"S01,S24,S25",active,1.0.0
UXR-0824,42,"Tests UI, accessibilité, interaction, visuel et E2E",MUST,P0,AUTO,Les scans axe ou équivalents doivent être exécutés sur composants et pages critiques.,Les violations nouvelles P0/P1 bloquent la CI.,"S01,S24,S25",active,1.0.0
UXR-0825,42,"Tests UI, accessibilité, interaction, visuel et E2E",MUST,P0,MANUAL,Les scans automatisés ne remplacent pas les tests manuels avec lecteurs d'écran et utilisateurs.,La Definition of Done distingue les deux preuves.,"S01,S24,S25",active,1.0.0
UXR-0826,42,"Tests UI, accessibilité, interaction, visuel et E2E",MUST,P1,AUTO,Les snapshots ARIA doivent protéger la structure accessible des écrans critiques.,"Les changements de rôle, nom, niveau et état sont revus.","S01,S24,S25",active,1.0.0
UXR-0827,42,"Tests UI, accessibilité, interaction, visuel et E2E",MUST,P1,AUTO,Les tests visuels doivent comparer les pixels dans un environnement stable.,Les baselines sont versionnées et les diffs revus humainement.,"S01,S24,S25",active,1.0.0
UXR-0828,42,"Tests UI, accessibilité, interaction, visuel et E2E",MUST NOT,P1,MANUAL,Une baseline visuelle ne doit pas être mise à jour automatiquement pour faire passer la CI.,Chaque changement est accepté avec intention et commentaire si significatif.,"S01,S24,S25",active,1.0.0
UXR-0829,42,"Tests UI, accessibilité, interaction, visuel et E2E",MUST,P1,AUTO,"Les tests d'interaction doivent utiliser les contrôles comme un utilisateur, non appeler directement des handlers internes.","Les scénarios cliquent, tapent et naviguent par rôle.","S01,S24,S25",active,1.0.0
UXR-0830,42,"Tests UI, accessibilité, interaction, visuel et E2E",MUST,P0,AUTO,"Les parcours E2E doivent couvrir au minimum succès, erreur, permission refusée, données partielles et reprise.",Chaque flow critique possède ces variantes ou une justification.,"S01,S24,S25",active,1.0.0
UXR-0831,42,"Tests UI, accessibilité, interaction, visuel et E2E",MUST,P0,AUTO,Les actions sensibles doivent être testées jusqu'à l'état terminal backend et l'audit.,Le test ne s'arrête pas au reçu ACCEPTED.,"S01,S24,S25",active,1.0.0
UXR-0832,42,"Tests UI, accessibilité, interaction, visuel et E2E",MUST,P1,AUTO,Les tests de responsive doivent couvrir les viewports et densités contractuels.,"Les captures vérifient overflow, contenu masqué et navigation.","S01,S24,S25",active,1.0.0
UXR-0833,42,"Tests UI, accessibilité, interaction, visuel et E2E",MUST,P1,AUTO,"Les tests de contenu doivent inclure chaînes longues, langues, chiffres extrêmes et absence de données.",Le layout ne dépend pas des exemples courts.,"S01,S24,S25",active,1.0.0
UXR-0834,42,"Tests UI, accessibilité, interaction, visuel et E2E",MUST,P1,AUTO,"Les tests temps réel doivent injecter perte, duplication, réordonnancement, burst et reconnexion.",Le state final reste cohérent et traçable.,"S01,S24,S25",active,1.0.0
UXR-0835,42,"Tests UI, accessibilité, interaction, visuel et E2E",MUST,P1,AUTO,Les tests de performance doivent utiliser les budgets définis et une cardinalité réaliste.,Les résultats sont comparables dans le temps.,"S01,S24,S25",active,1.0.0
UXR-0836,42,"Tests UI, accessibilité, interaction, visuel et E2E",MUST,P1,AUTO,"Les tests de sécurité UI doivent couvrir redaction, URLs, exports, permissions et contenus non fiables.",Aucune donnée sensible ne fuit dans le DOM ou les logs.,"S01,S24,S25",active,1.0.0
UXR-0837,42,"Tests UI, accessibilité, interaction, visuel et E2E",MUST,P1,AUTO,Les fixtures doivent être nommées par scénario et ne pas devenir un dataset fourre-tout.,Chaque fixture exprime l'état qu'elle prouve.,"S01,S24,S25",active,1.0.0
UXR-0838,42,"Tests UI, accessibilité, interaction, visuel et E2E",MUST,P1,AUTO,"Les tests fragiles basés sur classes ou structure non sémantique doivent être remplacés par rôles, labels ou test IDs stables en dernier recours.",Les tests reflètent l'expérience utilisateur.,"S01,S24,S25",active,1.0.0
UXR-0839,42,"Tests UI, accessibilité, interaction, visuel et E2E",MUST,P1,SEMI,Chaque bug UI important doit recevoir un test de non-régression au niveau le plus proche de sa cause.,"Le ticket lie bug, test et règle UXR.","S01,S24,S25",active,1.0.0
UXR-0840,42,"Tests UI, accessibilité, interaction, visuel et E2E",MUST,P0,SEMI,"Une page n'est pas Done tant que ses états, responsive, accessibilité, interactions et E2E principaux ne sont pas prouvés.",La checklist de release contient les preuves exécutées.,"S01,S24,S25",active,1.0.0
UXR-0841,43,"Mesure UX, analytics, expérimentation et apprentissage",MUST,P1,MANUAL,Chaque parcours critique doit définir un résultat utilisateur et non seulement un événement de clic.,"La métrique mesure réussite, qualité ou temps jusqu'au résultat.","S04,S06,S19",active,1.0.0
UXR-0842,43,"Mesure UX, analytics, expérimentation et apprentissage",MUST,P1,AUTO,Les événements analytics doivent être nommés par intention et versionnés.,"Le schéma indique déclencheur, propriétés, finalité et propriétaire.","S04,S06,S19",active,1.0.0
UXR-0843,43,"Mesure UX, analytics, expérimentation et apprentissage",MUST,P0,AUTO,"Les analytics ne doivent pas collecter de payload, texte libre ou donnée sensible sans justification et protection.",Une allowlist de propriétés est appliquée.,"S04,S06,S19",active,1.0.0
UXR-0844,43,"Mesure UX, analytics, expérimentation et apprentissage",MUST,P1,SEMI,"Les métriques doivent distinguer abandon, erreur, refus volontaire et perte de connexion.",Le funnel ne fusionne pas des causes différentes.,"S04,S06,S19",active,1.0.0
UXR-0845,43,"Mesure UX, analytics, expérimentation et apprentissage",MUST,P1,MANUAL,Les temps de tâche doivent utiliser des points de début et de fin définis par le workflow.,La mesure ne dépend pas d'une page arbitraire.,"S04,S06,S19",active,1.0.0
UXR-0846,43,"Mesure UX, analytics, expérimentation et apprentissage",MUST,P1,MANUAL,"Une hausse de conversion ne doit pas être considérée positive si elle augmente erreurs, regrets, tickets ou risques.",Les garde-fous sont définis avant l'expérience.,"S04,S06,S19",active,1.0.0
UXR-0847,43,"Mesure UX, analytics, expérimentation et apprentissage",MUST,P1,SEMI,"Les expérimentations doivent avoir hypothèse, population, métrique principale, garde-fous et durée avant lancement.",Le plan évite le choix opportuniste de résultats.,"S04,S06,S19",active,1.0.0
UXR-0848,43,"Mesure UX, analytics, expérimentation et apprentissage",MUST,P0,MANUAL,"Une expérience ne doit pas modifier silencieusement un parcours de sécurité, consentement ou accessibilité critique.",Une revue et un niveau de risque approprié sont requis.,"S04,S06,S19",active,1.0.0
UXR-0849,43,"Mesure UX, analytics, expérimentation et apprentissage",MUST,P1,AUTO,Les variantes doivent préserver la même vérité des données et les mêmes permissions.,"L'expérimentation porte sur la présentation ou le parcours, pas sur l'autorité.","S04,S06,S19",active,1.0.0
UXR-0850,43,"Mesure UX, analytics, expérimentation et apprentissage",MUST,P1,MANUAL,"Les résultats doivent indiquer taille, incertitude et limites d'interprétation.",Le rapport ne transforme pas une corrélation en causalité sans méthode.,"S04,S06,S19",active,1.0.0
UXR-0851,43,"Mesure UX, analytics, expérimentation et apprentissage",MUST,P1,MANUAL,Les cohortes doivent être définies sans créer de discrimination ou fuite de données.,La segmentation est revue privacy et fairness.,"S04,S06,S19",active,1.0.0
UXR-0852,43,"Mesure UX, analytics, expérimentation et apprentissage",MUST,P1,AUTO,Les événements doivent être testés pour absence de doublons et ordre correct.,La CI ou les tests E2E vérifient le contrat analytics.,"S04,S06,S19",active,1.0.0
UXR-0853,43,"Mesure UX, analytics, expérimentation et apprentissage",MUST,P1,SEMI,Le produit doit permettre de relier un problème UX aux conditions de contexte sans enregistrer plus de données que nécessaire.,"Route, rôle, état et erreur suffisent souvent au diagnostic.","S04,S06,S19",active,1.0.0
UXR-0854,43,"Mesure UX, analytics, expérimentation et apprentissage",MUST,P1,MANUAL,Les métriques terrain doivent être combinées à des retours qualitatifs.,"Une anomalie ouvre une investigation utilisateur, pas seulement une optimisation numérique.","S04,S06,S19",active,1.0.0
UXR-0855,43,"Mesure UX, analytics, expérimentation et apprentissage",MUST,P1,AUTO,"Les dashboards analytics internes doivent suivre les mêmes règles de provenance, période et inconnus que le produit.",Aucun KPI d'usage n'utilise un zéro ambigu.,"S04,S06,S19",active,1.0.0
UXR-0856,43,"Mesure UX, analytics, expérimentation et apprentissage",MUST,P1,AUTO,Les changements de schéma analytics doivent prévoir compatibilité et migration des rapports.,La version d'événement est visible.,"S04,S06,S19",active,1.0.0
UXR-0857,43,"Mesure UX, analytics, expérimentation et apprentissage",SHOULD,P2,MANUAL,"Les funnels peuvent inclure les étapes Observer, Comprendre, Investiguer, Agir et Vérifier pour détecter où le parcours échoue.",Les étapes sont adaptées au cas réel.,"S04,S06,S19",active,1.0.0
UXR-0858,43,"Mesure UX, analytics, expérimentation et apprentissage",MUST,P1,AUTO,Les données de test et bots doivent être filtrés ou identifiés.,Les décisions produit ne reposent pas sur du trafic artificiel.,"S04,S06,S19",active,1.0.0
UXR-0859,43,"Mesure UX, analytics, expérimentation et apprentissage",MUST,P1,SEMI,Les métriques de succès doivent avoir un propriétaire et une fréquence de revue.,Les signaux inutilisés sont supprimés pour limiter la collecte.,"S04,S06,S19",active,1.0.0
UXR-0860,43,"Mesure UX, analytics, expérimentation et apprentissage",MUST,P0,MANUAL,Aucune décision majeure ne doit être attribuée aux analytics seuls lorsque les données ne permettent pas cette conclusion.,"Le rapport distingue mesure, interprétation et recommandation.","S04,S06,S19",active,1.0.0
UXR-0861,44,"Collaboration design-développement, handoff et décisions",MUST,P1,SEMI,"Toute tâche écran doit partir du Page Operating Contract et de la Screen Specification, pas seulement d'une capture.","La PR lie objectif, questions, données, actions et états.","S04,S23,S24,S31",active,1.0.0
UXR-0862,44,"Collaboration design-développement, handoff et décisions",MUST,P1,MANUAL,"Le handoff doit fournir comportements, responsive, états, contenu et données, pas uniquement dimensions et couleurs.",Les cas interactifs et dégradés sont documentés.,"S04,S23,S24,S31",active,1.0.0
UXR-0863,44,"Collaboration design-développement, handoff et décisions",MUST,P1,SEMI,"Les composants de design et de code doivent partager noms, variantes et tokens autant que possible.",Le mapping Figma-code ou équivalent est maintenu.,"S04,S23,S24,S31",active,1.0.0
UXR-0864,44,"Collaboration design-développement, handoff et décisions",MUST,P1,MANUAL,Une décision visuelle qui modifie le comportement doit être revue comme une décision produit.,Le changement possède critères d'acceptation et tests.,"S04,S23,S24,S31",active,1.0.0
UXR-0865,44,"Collaboration design-développement, handoff et décisions",MUST,P1,MANUAL,"Les annotations doivent expliquer l'intention et les contraintes, pas dicter chaque pixel sans contexte.",Le développeur peut prendre une décision cohérente dans les cas non dessinés.,"S04,S23,S24,S31",active,1.0.0
UXR-0866,44,"Collaboration design-développement, handoff et décisions",MUST,P1,SEMI,Les maquettes doivent identifier les données fictives et les capacités non implémentées.,Un badge DEMO ou une note évite leur interprétation comme vérité produit.,"S04,S23,S24,S31",active,1.0.0
UXR-0867,44,"Collaboration design-développement, handoff et décisions",MUST,P1,SEMI,Les designers doivent utiliser les composants et tokens disponibles avant d'inventer une variante.,Toute nouvelle variante passe par la gouvernance du design system.,"S04,S23,S24,S31",active,1.0.0
UXR-0868,44,"Collaboration design-développement, handoff et décisions",MUST,P1,MANUAL,Les développeurs ne doivent pas corriger silencieusement une maquette ambiguë sur un parcours critique.,La question est résolue dans le ticket ou un ADR UX.,"S04,S23,S24,S31",active,1.0.0
UXR-0869,44,"Collaboration design-développement, handoff et décisions",MUST,P1,MANUAL,Les changements de contrat backend qui affectent l'UX doivent être discutés avec design et produit.,"Les états, latences, erreurs et cardinalités sont réévalués.","S04,S23,S24,S31",active,1.0.0
UXR-0870,44,"Collaboration design-développement, handoff et décisions",MUST,P1,SEMI,"Les reviews doivent examiner le rendu réel avec données et états, pas seulement le diff de code.",La PR contient captures ou environnement de preview.,"S04,S23,S24,S31",active,1.0.0
UXR-0871,44,"Collaboration design-développement, handoff et décisions",MUST,P1,AUTO,"Les captures de PR doivent utiliser les viewports, thèmes et densités contractuels.",Les images isolées hors contexte ne suffisent pas.,"S04,S23,S24,S31",active,1.0.0
UXR-0872,44,"Collaboration design-développement, handoff et décisions",MUST,P1,SEMI,Les décisions structurantes doivent être enregistrées dans un ADR UX ou architecture.,"Le document contient alternatives, impacts et date de révision.","S04,S23,S24,S31",active,1.0.0
UXR-0873,44,"Collaboration design-développement, handoff et décisions",MUST,P1,AUTO,Le glossaire métier et le catalogue de composants doivent être accessibles aux agents et humains dans le dépôt.,L'ordre de lecture est défini dans START_HERE ou AGENTS.,"S04,S23,S24,S31",active,1.0.0
UXR-0874,44,"Collaboration design-développement, handoff et décisions",MUST,P1,AUTO,Le handoff généré doit être régénéré depuis les sources plutôt que modifié manuellement.,La commande de build et le fichier source sont documentés.,"S04,S23,S24,S31",active,1.0.0
UXR-0875,44,"Collaboration design-développement, handoff et décisions",MUST,P1,SEMI,"Les tickets doivent relier règle métier, API, permission, composant, route, états, responsive, tests et flag.",La matrice de traçabilité est complète avant développement.,"S04,S23,S24,S31",active,1.0.0
UXR-0876,44,"Collaboration design-développement, handoff et décisions",MUST,P1,MANUAL,Les commentaires de revue doivent citer le principe ou la règle concernée plutôt qu'une préférence vague.,Les identifiants UXR rendent la discussion actionnable.,"S04,S23,S24,S31",active,1.0.0
UXR-0877,44,"Collaboration design-développement, handoff et décisions",MUST,P1,MANUAL,"Les désaccords doivent être tranchés par utilisateur, risque, données et cohérence, non par séniorité seule.",La décision et la preuve sont consignées.,"S04,S23,S24,S31",active,1.0.0
UXR-0878,44,"Collaboration design-développement, handoff et décisions",MUST,P1,SEMI,Une dérogation visuelle ou interactionnelle doit avoir une date d'expiration et un propriétaire.,Le registre évite la dette permanente implicite.,"S04,S23,S24,S31",active,1.0.0
UXR-0879,44,"Collaboration design-développement, handoff et décisions",MUST,P1,MANUAL,"Les démonstrations de fin de sprint doivent montrer parcours, erreurs et responsive, pas uniquement le happy path desktop.",La checklist de démo couvre les états critiques.,"S04,S23,S24,S31",active,1.0.0
UXR-0880,44,"Collaboration design-développement, handoff et décisions",MUST,P0,MANUAL,Un agent LLM doit signaler toute information manquante qu'il n'a pas pu vérifier au lieu de la compléter par invention.,"Le rapport de sortie liste hypothèses, preuves et limites.","S04,S23,S24,S31",active,1.0.0
UXR-0881,45,"Personnalisation, thèmes, densité et préférences",MUST,P1,MANUAL,La personnalisation doit améliorer une tâche réelle et non créer une complexité de configuration sans valeur.,Chaque option possède un usage et une population identifiés.,"S05,S09,S15,S30",active,1.0.0
UXR-0882,45,"Personnalisation, thèmes, densité et préférences",MUST,P1,AUTO,Les préférences personnelles doivent être distinctes des policies organisationnelles.,"L'UI montre ce qui est modifiable, imposé ou hérité.","S05,S09,S15,S30",active,1.0.0
UXR-0883,45,"Personnalisation, thèmes, densité et préférences",MUST,P1,AUTO,"Les thèmes doivent utiliser des tokens sémantiques et préserver contrastes, focus et états.","Les tests couvrent clair, sombre et contraste élevé.","S05,S09,S15,S30",active,1.0.0
UXR-0884,45,"Personnalisation, thèmes, densité et préférences",MUST,P1,AUTO,"Les profils de densité doivent être nommés, persistés et limités à des seuils accessibles.",Aucun profil ne réduit texte ou cibles sous les minima internes.,"S05,S09,S15,S30",active,1.0.0
UXR-0885,45,"Personnalisation, thèmes, densité et préférences",MUST,P1,AUTO,La personnalisation d'un dashboard ne doit pas permettre de masquer silencieusement les alertes ou informations obligatoires.,Les widgets critiques sont fixes ou leur retrait produit un avertissement fort.,"S05,S09,S15,S30",active,1.0.0
UXR-0886,45,"Personnalisation, thèmes, densité et préférences",MUST,P1,MANUAL,Les préférences doivent avoir des valeurs par défaut sûres et adaptées au rôle.,Le premier lancement reste utilisable sans configuration.,"S05,S09,S15,S30",active,1.0.0
UXR-0887,45,"Personnalisation, thèmes, densité et préférences",MUST,P1,AUTO,"La synchronisation des préférences doit indiquer état, conflit et portée multi-appareil.",Un échec ne produit pas un faux succès.,"S05,S09,S15,S30",active,1.0.0
UXR-0888,45,"Personnalisation, thèmes, densité et préférences",MUST,P1,AUTO,Les préférences locales doivent être versionnées et migrées.,Une ancienne valeur ne casse pas le shell après mise à jour.,"S05,S09,S15,S30",active,1.0.0
UXR-0889,45,"Personnalisation, thèmes, densité et préférences",MUST,P1,MANUAL,"Un reset doit préciser s'il concerne la section, la vue ou toutes les préférences.",La portée est prévisualisée et confirmée si large.,"S05,S09,S15,S30",active,1.0.0
UXR-0890,45,"Personnalisation, thèmes, densité et préférences",MUST,P1,AUTO,Les vues sauvegardées doivent séparer préférences de layout et filtres métier.,L'utilisateur peut partager les filtres sans imposer sa densité personnelle.,"S05,S09,S15,S30",active,1.0.0
UXR-0891,45,"Personnalisation, thèmes, densité et préférences",MUST,P1,AUTO,Les raccourcis personnalisables doivent détecter les conflits et préserver une méthode d'accès alternative.,Le produit n'accepte pas une combinaison réservée sans avertissement.,"S05,S09,S15,S30",active,1.0.0
UXR-0892,45,"Personnalisation, thèmes, densité et préférences",MUST,P1,AUTO,Les préférences d'accessibilité système doivent être respectées par défaut.,"Reduced motion, contrast, color scheme et taille ne sont pas neutralisés.","S05,S09,S15,S30",active,1.0.0
UXR-0893,45,"Personnalisation, thèmes, densité et préférences",MUST,P1,AUTO,"La personnalisation ne doit pas modifier les calculs, permissions ou ordre d'autorité des données.",Elle affecte présentation et organisation contrôlée uniquement.,"S05,S09,S15,S30",active,1.0.0
UXR-0894,45,"Personnalisation, thèmes, densité et préférences",MUST,P1,MANUAL,Les paramètres avancés doivent être séparés des réglages fréquents.,La page évite de submerger l'utilisateur occasionnel.,"S05,S09,S15,S30",active,1.0.0
UXR-0895,45,"Personnalisation, thèmes, densité et préférences",MUST,P1,SEMI,Les options doivent avoir un aperçu lorsque l'effet visuel est difficile à imaginer.,Le preview est réversible avant sauvegarde.,"S05,S09,S15,S30",active,1.0.0
UXR-0896,45,"Personnalisation, thèmes, densité et préférences",MUST,P1,AUTO,La personnalisation doit fonctionner sur tous les viewports supportés ou être limitée explicitement.,Une disposition desktop impossible sur mobile reçoit une adaptation claire.,"S05,S09,S15,S30",active,1.0.0
UXR-0897,45,"Personnalisation, thèmes, densité et préférences",SHOULD,P2,MANUAL,Le produit peut proposer des presets par rôle sans enfermer l'utilisateur dans un persona rigide.,Les presets sont modifiables et expliqués.,"S05,S09,S15,S30",active,1.0.0
UXR-0898,45,"Personnalisation, thèmes, densité et préférences",MUST,P1,AUTO,Les préférences sensibles comme notifications critiques doivent respecter une limite imposée par policy.,Le contrôle explique pourquoi il ne peut pas être désactivé.,"S05,S09,S15,S30",active,1.0.0
UXR-0899,45,"Personnalisation, thèmes, densité et préférences",MUST,P1,SEMI,Le volume d'options doit être surveillé et les préférences inutilisées supprimées ou regroupées.,Les analytics respectueux de la vie privée alimentent la simplification.,"S05,S09,S15,S30",active,1.0.0
UXR-0900,45,"Personnalisation, thèmes, densité et préférences",MUST,P1,AUTO,"Chaque préférence doit être testée avec valeur par défaut, personnalisée, invalide, migration et conflit.",Les tests couvrent le cycle complet.,"S05,S09,S15,S30",active,1.0.0
UXR-0901,46,"Résilience, modes dégradés, reprise et continuité de tâche",MUST,P0,AUTO,Chaque dépendance externe visible dans un parcours critique doit avoir un état de disponibilité distinct de la valeur métier.,"L'UI distingue source indisponible, valeur inconnue et valeur réellement nulle.","S01,S05,S10,S19,S26,S30",active,1.0.0
UXR-0902,46,"Résilience, modes dégradés, reprise et continuité de tâche",MUST,P0,SEMI,Une panne partielle ne doit pas transformer l'ensemble de l'écran en erreur si des sections fiables restent exploitables.,"Les sections portent leur propre état, source et dernier asOf.","S01,S05,S10,S19,S26,S30",active,1.0.0
UXR-0903,46,"Résilience, modes dégradés, reprise et continuité de tâche",MUST,P0,AUTO,Les dernières valeurs connues doivent être datées et explicitement marquées comme anciennes.,Aucune donnée stale ne ressemble à une donnée live.,"S01,S05,S10,S19,S26,S30",active,1.0.0
UXR-0904,46,"Résilience, modes dégradés, reprise et continuité de tâche",MUST,P0,AUTO,Une reconnexion ne doit pas réexécuter automatiquement une commande non idempotente.,Le protocole de reprise sépare relecture et mutation.,"S01,S05,S10,S19,S26,S30",active,1.0.0
UXR-0905,46,"Résilience, modes dégradés, reprise et continuité de tâche",MUST,P1,SEMI,"Une action interrompue doit indiquer si elle n'a pas été envoyée, a été reçue ou a un résultat indéterminé.",Le message propose la prochaine vérification sûre.,"S01,S05,S10,S19,S26,S30",active,1.0.0
UXR-0906,46,"Résilience, modes dégradés, reprise et continuité de tâche",MUST,P1,AUTO,Les formulaires longs doivent préserver le brouillon local ou serveur selon le risque et la sensibilité.,"Un test couvre fermeture, refresh, perte réseau et reprise.","S01,S05,S10,S19,S26,S30",active,1.0.0
UXR-0907,46,"Résilience, modes dégradés, reprise et continuité de tâche",MUST,P1,AUTO,Les files d'attente hors ligne ne doivent être utilisées que pour des actions réversibles et explicitement compatibles.,Les mutations sensibles restent bloquées jusqu'à une connexion vérifiée.,"S01,S05,S10,S19,S26,S30",active,1.0.0
UXR-0908,46,"Résilience, modes dégradés, reprise et continuité de tâche",MUST,P1,AUTO,"Le produit doit permettre de réessayer une lecture sans perdre filtres, sélection ni position de scroll.",Le retry conserve le contexte de travail.,"S01,S05,S10,S19,S26,S30",active,1.0.0
UXR-0909,46,"Résilience, modes dégradés, reprise et continuité de tâche",MUST,P1,AUTO,"Les retries automatiques doivent être bornés, temporisés et visibles lorsqu'ils affectent la fraîcheur.",Le client ne crée pas de boucle de charge ou de faux état nominal.,"S01,S05,S10,S19,S26,S30",active,1.0.0
UXR-0910,46,"Résilience, modes dégradés, reprise et continuité de tâche",MUST,P0,AUTO,Une erreur de permission ne doit jamais être présentée comme une panne réseau ou une ressource vide.,"401, 403, 404, 409, 422, 429 et 503 ont des traitements distincts.","S01,S05,S10,S19,S26,S30",active,1.0.0
UXR-0911,46,"Résilience, modes dégradés, reprise et continuité de tâche",MUST,P1,SEMI,"Une erreur globale doit indiquer l'étendue affectée, l'heure, une référence de diagnostic et une action sûre.",Le message évite les détails sensibles et le jargon inutile.,"S01,S05,S10,S19,S26,S30",active,1.0.0
UXR-0912,46,"Résilience, modes dégradés, reprise et continuité de tâche",MUST,P1,SEMI,Le produit doit offrir un chemin de retour lorsque l'état local devient incompatible avec l'état serveur.,"Refresh ciblé, rebase, annulation ou reprise sont définis selon le workflow.","S01,S05,S10,S19,S26,S30",active,1.0.0
UXR-0913,46,"Résilience, modes dégradés, reprise et continuité de tâche",MUST,P1,MANUAL,Les conflits de version doivent montrer ce qui a changé avant de proposer écrasement ou nouvelle tentative.,Une action destructive n'est jamais le choix par défaut.,"S01,S05,S10,S19,S26,S30",active,1.0.0
UXR-0914,46,"Résilience, modes dégradés, reprise et continuité de tâche",MUST,P1,AUTO,La reprise après incident doit restaurer le contexte pertinent sans restaurer une action dangereuse non confirmée.,"La route et les filtres reviennent, la confirmation sensible non.","S01,S05,S10,S19,S26,S30",active,1.0.0
UXR-0915,46,"Résilience, modes dégradés, reprise et continuité de tâche",MUST,P1,AUTO,"Les composants temps réel doivent signaler déconnexion, tentative de reprise et retour au nominal.",Le statut n'est pas uniquement une animation ou une couleur.,"S01,S05,S10,S19,S26,S30",active,1.0.0
UXR-0916,46,"Résilience, modes dégradés, reprise et continuité de tâche",MUST,P1,AUTO,Une source lente doit avoir un budget et ne pas bloquer les sources indépendantes.,Les loaders et timeouts sont définis par vue ou section.,"S01,S05,S10,S19,S26,S30",active,1.0.0
UXR-0917,46,"Résilience, modes dégradés, reprise et continuité de tâche",MUST,P1,MANUAL,Les données partielles doivent expliquer précisément quelles conclusions ne peuvent plus être tirées.,Le message relie l'indisponibilité à son impact utilisateur.,"S01,S05,S10,S19,S26,S30",active,1.0.0
UXR-0918,46,"Résilience, modes dégradés, reprise et continuité de tâche",MUST,P1,SEMI,"Les modes de maintenance planifiée doivent indiquer début, durée estimée, fonctions affectées et alternatives.",L'utilisateur peut différencier maintenance et incident imprévu.,"S01,S05,S10,S19,S26,S30",active,1.0.0
UXR-0919,46,"Résilience, modes dégradés, reprise et continuité de tâche",MUST,P1,SEMI,"Les scénarios de chaos UX doivent couvrir au minimum source lente, source absente, stream coupé, commande ambiguë et reprise après refresh.",Les tests de résilience produisent des preuves reproductibles.,"S01,S05,S10,S19,S26,S30",active,1.0.0
UXR-0920,46,"Résilience, modes dégradés, reprise et continuité de tâche",MUST,P0,AUTO,Le système ne doit jamais déclarer une opération réussie uniquement parce qu'aucune erreur n'a été reçue.,"Le succès exige un état terminal et, lorsque pertinent, la relecture cohérente de la ressource.","S01,S05,S10,S19,S26,S30",active,1.0.0
UXR-0921,47,"Interfaces de contrôle à haut enjeu, trading et opérations temps réel",MUST,P0,AUTO,"L'environnement opérationnel actif doit être visible en permanence et impossible à confondre avec DEMO, PAPER ou REPLAY.","Le shell, les dialogues et les reçus répètent l'environnement autoritaire.","S01,S04,S05,S17,S26,S27,S30",active,1.0.0
UXR-0922,47,"Interfaces de contrôle à haut enjeu, trading et opérations temps réel",MUST,P0,AUTO,"Les données de marché, risque, ordre et position doivent afficher leur fraîcheur et leur source lorsque l'âge influence la décision.","Chaque valeur critique possède asOf, source et état de connexion.","S01,S04,S05,S17,S26,S27,S30",active,1.0.0
UXR-0923,47,"Interfaces de contrôle à haut enjeu, trading et opérations temps réel",MUST,P0,SEMI,"Une recommandation IA ne doit jamais être visuellement équivalente à une décision déterministe, un verdict risque ou un ordre exécuté.","Le niveau d'autorité est explicite par label, structure et provenance.","S01,S04,S05,S17,S26,S27,S30",active,1.0.0
UXR-0924,47,"Interfaces de contrôle à haut enjeu, trading et opérations temps réel",MUST,P0,AUTO,"Les actions de kill, flatten, cancel, override, cutover ou passage LIVE doivent être isolées des actions courantes.","Le contrôle exige capability, step-up, impact, raison et confirmation renforcée.","S01,S04,S05,S17,S26,S27,S30",active,1.0.0
UXR-0925,47,"Interfaces de contrôle à haut enjeu, trading et opérations temps réel",MUST,P0,SEMI,"Une action sensible doit montrer l'objet, le compte, l'instrument, la quantité, l'environnement et l'effet attendu avant confirmation.",Le résumé de confirmation ne dépend pas du contexte mémorisé.,"S01,S04,S05,S17,S26,S27,S30",active,1.0.0
UXR-0926,47,"Interfaces de contrôle à haut enjeu, trading et opérations temps réel",MUST,P0,AUTO,Les ordres et positions doivent utiliser une machine d'état canonique sans normaliser un statut inconnu vers un statut rassurant.,Les transitions brutes et canoniques restent inspectables.,"S01,S04,S05,S17,S26,S27,S30",active,1.0.0
UXR-0927,47,"Interfaces de contrôle à haut enjeu, trading et opérations temps réel",MUST,P0,AUTO,Une position dite protégée doit être prouvée par des ordres ou règles actives et non par un simple booléen de présentation.,"Le détail montre stop, target, provider et dernière confirmation.","S01,S04,S05,S17,S26,S27,S30",active,1.0.0
UXR-0928,47,"Interfaces de contrôle à haut enjeu, trading et opérations temps réel",MUST,P0,AUTO,"Les limites de risque absentes doivent être affichées NOT_CONFIGURED ou UNKNOWN, jamais comme non utilisées.",La page bloque les conclusions qui dépendent de la limite.,"S01,S04,S05,S17,S26,S27,S30",active,1.0.0
UXR-0929,47,"Interfaces de contrôle à haut enjeu, trading et opérations temps réel",MUST,P0,AUTO,"Les KPI de risque et performance doivent relier agrégat, contributeurs, positions, événements et politique applicable.",Le drill-down conserve période et environnement.,"S01,S04,S05,S17,S26,S27,S30",active,1.0.0
UXR-0930,47,"Interfaces de contrôle à haut enjeu, trading et opérations temps réel",MUST,P1,MANUAL,"La page live doit prioriser l'état courant, l'exception, la décision, la position et le prochain jalon avant l'historique exhaustif.",Le test des cinq secondes valide cette hiérarchie.,"S01,S04,S05,S17,S26,S27,S30",active,1.0.0
UXR-0931,47,"Interfaces de contrôle à haut enjeu, trading et opérations temps réel",MUST,P1,AUTO,"Les timelines doivent distinguer prévu, demandé, accepté, exécuté, confirmé, réconcilié et échoué.",Les événements sont ordonnés par temps et causalité lorsque disponibles.,"S01,S04,S05,S17,S26,S27,S30",active,1.0.0
UXR-0932,47,"Interfaces de contrôle à haut enjeu, trading et opérations temps réel",MUST,P1,AUTO,"Les événements hors ordre, dupliqués ou manquants doivent être signalés plutôt que silencieusement réarrangés.",L'intégrité du flux possède un statut observable.,"S01,S04,S05,S17,S26,S27,S30",active,1.0.0
UXR-0933,47,"Interfaces de contrôle à haut enjeu, trading et opérations temps réel",MUST,P1,AUTO,"Les nombres financiers doivent utiliser chiffres tabulaires, signe explicite, unité, devise et précision cohérente.",Les comparaisons restent alignées et non ambiguës.,"S01,S04,S05,S17,S26,S27,S30",active,1.0.0
UXR-0934,47,"Interfaces de contrôle à haut enjeu, trading et opérations temps réel",MUST,P1,AUTO,"La couleur rouge ou verte ne doit pas être l'unique moyen de distinguer perte, gain, achat, vente ou statut.","Labels, signes, icônes ou motifs portent le sens.","S01,S04,S05,S17,S26,S27,S30",active,1.0.0
UXR-0935,47,"Interfaces de contrôle à haut enjeu, trading et opérations temps réel",MUST,P1,AUTO,"Les raccourcis clavier d'action sensible doivent être désactivables, documentés et protégés contre les déclenchements accidentels.",Une confirmation et un focus explicite restent requis.,"S01,S04,S05,S17,S26,S27,S30",active,1.0.0
UXR-0936,47,"Interfaces de contrôle à haut enjeu, trading et opérations temps réel",MUST,P1,SEMI,"Les alertes doivent être dédupliquées, corrélées et priorisées par impact, pas seulement par volume.","L'opérateur voit owner, âge, portée et prochaine action.","S01,S04,S05,S17,S26,S27,S30",active,1.0.0
UXR-0937,47,"Interfaces de contrôle à haut enjeu, trading et opérations temps réel",MUST,P1,MANUAL,Le produit doit limiter l'alarme fatigue en réservant les interruptions fortes aux états réellement urgents.,La sévérité a une définition et une politique d'escalade.,"S01,S04,S05,S17,S26,S27,S30",active,1.0.0
UXR-0938,47,"Interfaces de contrôle à haut enjeu, trading et opérations temps réel",MUST,P1,AUTO,Les opérations manuelles et automatiques doivent être distinguées dans la timeline et l'audit.,"Acteur, policy, modèle et raison sont visibles selon permission.","S01,S04,S05,S17,S26,S27,S30",active,1.0.0
UXR-0939,47,"Interfaces de contrôle à haut enjeu, trading et opérations temps réel",MUST,P1,AUTO,Tout écran critique doit avoir un mode de lecture stable pendant les pics de stream.,"Pause, buffering ou compteur de nouveaux événements évitent les déplacements incontrôlés.","S01,S04,S05,S17,S26,S27,S30",active,1.0.0
UXR-0940,47,"Interfaces de contrôle à haut enjeu, trading et opérations temps réel",MUST,P0,SEMI,"La Definition of Done d'un parcours critique doit inclure un E2E contre le backend réel, une panne simulée, une permission refusée et une preuve d'audit.",Une maquette ou fixture seule ne valide jamais l'opérabilité.,"S01,S04,S05,S17,S26,S27,S30",active,1.0.0
UXR-0941,48,Anti-patterns UI/UX explicitement interdits,MUST NOT,P0,AUTO,"Ne pas afficher une action sans route, handler ou commande réelle.",Le composant exige un to ou un onAction typé et testé.,"S01,S02,S05,S10,S16,S28,S29,S30,S31",active,1.0.0
UXR-0942,48,Anti-patterns UI/UX explicitement interdits,MUST NOT,P0,AUTO,"Ne pas convertir une absence de donnée en zéro, PASS, OK, NOMINAL, ACCEPTED ou valeur vide rassurante.",Les états discriminés rendent l'inconnu explicite.,"S01,S02,S05,S10,S16,S28,S29,S30,S31",active,1.0.0
UXR-0943,48,Anti-patterns UI/UX explicitement interdits,MUST NOT,P1,MANUAL,Ne pas construire une page comme une répétition automatique de six KPI et six cartes.,La structure découle des questions et actions du Page Operating Contract.,"S01,S02,S05,S10,S16,S28,S29,S30,S31",active,1.0.0
UXR-0944,48,Anti-patterns UI/UX explicitement interdits,MUST NOT,P1,MANUAL,Ne pas utiliser des cartes uniquement pour remplir l'espace ou donner une impression de richesse.,Chaque carte répond à une question et possède une action ou une justification.,"S01,S02,S05,S10,S16,S28,S29,S30,S31",active,1.0.0
UXR-0945,48,Anti-patterns UI/UX explicitement interdits,MUST NOT,P1,MANUAL,Ne pas placer tout le détail d'un objet dans une modale ou un drawer lorsque l'investigation est longue ou partageable.,Une page L2/L3 stable est créée.,"S01,S02,S05,S10,S16,S28,S29,S30,S31",active,1.0.0
UXR-0946,48,Anti-patterns UI/UX explicitement interdits,MUST NOT,P1,AUTO,Ne pas masquer la navigation principale derrière des icônes ambiguës ou une tranche arbitraire de destinations.,Tous les domaines autorisés restent trouvables sur chaque viewport.,"S01,S02,S05,S10,S16,S28,S29,S30,S31",active,1.0.0
UXR-0947,48,Anti-patterns UI/UX explicitement interdits,MUST NOT,P1,AUTO,Ne pas utiliser une police minuscule pour simuler la densité professionnelle.,"La densité vient de la hiérarchie, des espacements et du choix d'information.","S01,S02,S05,S10,S16,S28,S29,S30,S31",active,1.0.0
UXR-0948,48,Anti-patterns UI/UX explicitement interdits,MUST NOT,P0,AUTO,Ne pas supprimer l'outline de focus sans remplacement visible et conforme.,Le focus reste perceptible dans tous les thèmes et états.,"S01,S02,S05,S10,S16,S28,S29,S30,S31",active,1.0.0
UXR-0949,48,Anti-patterns UI/UX explicitement interdits,MUST NOT,P1,AUTO,"Ne pas utiliser transition all, animations permanentes ou mouvement décoratif qui perturbe la tâche.",Les propriétés animées sont explicites et reduced-motion est respecté.,"S01,S02,S05,S10,S16,S28,S29,S30,S31",active,1.0.0
UXR-0950,48,Anti-patterns UI/UX explicitement interdits,MUST NOT,P1,AUTO,Ne pas utiliser le placeholder comme seul label de champ.,Un label persistant et une description accessible existent.,"S01,S02,S05,S10,S16,S28,S29,S30,S31",active,1.0.0
UXR-0951,48,Anti-patterns UI/UX explicitement interdits,MUST NOT,P0,AUTO,Ne pas rendre un div ou span cliquable comme substitut d'un bouton ou d'un lien natif.,La sémantique native et le clavier sont utilisés.,"S01,S02,S05,S10,S16,S28,S29,S30,S31",active,1.0.0
UXR-0952,48,Anti-patterns UI/UX explicitement interdits,MUST NOT,P1,SEMI,Ne pas utiliser des icônes sans label lorsqu'elles ne sont pas universellement comprises ou lorsqu'elles déclenchent une action critique.,"Tooltip, nom accessible et texte visible selon contexte sont fournis.","S01,S02,S05,S10,S16,S28,S29,S30,S31",active,1.0.0
UXR-0953,48,Anti-patterns UI/UX explicitement interdits,MUST NOT,P1,AUTO,Ne pas ouvrir systématiquement un nouvel onglet ou une nouvelle fenêtre sans nécessité et annonce.,Le contexte de navigation reste prévisible.,"S01,S02,S05,S10,S16,S28,S29,S30,S31",active,1.0.0
UXR-0954,48,Anti-patterns UI/UX explicitement interdits,MUST NOT,P1,MANUAL,Ne pas demander confirmation pour chaque petite action ni omettre la confirmation des actions irréversibles.,La friction est proportionnelle au risque.,"S01,S02,S05,S10,S16,S28,S29,S30,S31",active,1.0.0
UXR-0955,48,Anti-patterns UI/UX explicitement interdits,MUST NOT,P0,MANUAL,"Ne pas employer des dark patterns, urgence artificielle, case précochée trompeuse, double négation ou bouton déséquilibré pour obtenir un consentement.","Les choix sont équivalents, clairs et réversibles.","S01,S02,S05,S10,S16,S28,S29,S30,S31",active,1.0.0
UXR-0956,48,Anti-patterns UI/UX explicitement interdits,MUST NOT,P1,MANUAL,"Ne pas introduire un carrousel, un accordéon ou un scroll horizontal pour cacher une mauvaise hiérarchie de contenu.",Le pattern est justifié par la tâche et testé.,"S01,S02,S05,S10,S16,S28,S29,S30,S31",active,1.0.0
UXR-0957,48,Anti-patterns UI/UX explicitement interdits,MUST NOT,P1,AUTO,"Ne pas coder des couleurs, tailles, z-index ou espacements arbitraires dans chaque feature.",Les tokens et primitives gouvernées sont utilisés.,"S01,S02,S05,S10,S16,S28,S29,S30,S31",active,1.0.0
UXR-0958,48,Anti-patterns UI/UX explicitement interdits,MUST NOT,P1,AUTO,Ne pas créer de composant générique avec de nombreux flags booléens pour couvrir des concepts métier différents.,La composition ou des variantes sémantiques remplacent les modes incohérents.,"S01,S02,S05,S10,S16,S28,S29,S30,S31",active,1.0.0
UXR-0959,48,Anti-patterns UI/UX explicitement interdits,MUST NOT,P1,AUTO,Ne pas charger toutes les sources backend pour toutes les pages par commodité.,"Chaque vue déclare ses dépendances, budgets et erreurs partielles.","S01,S02,S05,S10,S16,S28,S29,S30,S31",active,1.0.0
UXR-0960,48,Anti-patterns UI/UX explicitement interdits,MUST NOT,P0,SEMI,Ne pas déclarer une page terminée sur la seule base d'une capture desktop happy path.,"États, clavier, responsive, données réelles, permissions, actions et erreurs sont vérifiés.","S01,S02,S05,S10,S16,S28,S29,S30,S31",active,1.0.0
UXR-0961,49,"Definition of Done, release, feature flags et amélioration continue",MUST,P0,SEMI,Une page n'est Done que si son Page Operating Contract et sa Screen Specification sont validés.,La PR lie les documents et les critères d'acceptation.,"S01,S19,S24,S25,S26,S30,S31",active,1.0.0
UXR-0962,49,"Definition of Done, release, feature flags et amélioration continue",MUST,P0,AUTO,"Toutes les données visibles doivent provenir d'une API documentée ou être marquées indisponibles, démo ou inconnues.","Le test et le mapping identifient source, état et asOf.","S01,S19,S24,S25,S26,S30,S31",active,1.0.0
UXR-0963,49,"Definition of Done, release, feature flags et amélioration continue",MUST,P0,SEMI,"Chaque action doit avoir permission, capability, confirmation appropriée, idempotence, progression, terminal et audit lorsqu'ils s'appliquent.",Le parcours est testé jusqu'au résultat métier.,"S01,S19,S24,S25,S26,S30,S31",active,1.0.0
UXR-0964,49,"Definition of Done, release, feature flags et amélioration continue",MUST,P1,AUTO,"Les filtres, tri, période, onglet et pagination partageables doivent survivre au refresh et au retour.",Les tests couvrent URL et restauration du contexte.,"S01,S19,S24,S25,S26,S30,S31",active,1.0.0
UXR-0965,49,"Definition of Done, release, feature flags et amélioration continue",MUST,P1,AUTO,"Les niveaux L0, L1, L2 et L3 nécessaires doivent être navigables avec breadcrumbs et retour contextuel.",Les routes et relations d'entités sont testées.,"S01,S19,S24,S25,S26,S30,S31",active,1.0.0
UXR-0966,49,"Definition of Done, release, feature flags et amélioration continue",MUST,P0,AUTO,"Les états loading, empty, partial, stale, disconnected, forbidden, conflict, error et ready applicables doivent être implémentés et testés.",Le catalogue de stories ou fixtures couvre la matrice.,"S01,S19,S24,S25,S26,S30,S31",active,1.0.0
UXR-0967,49,"Definition of Done, release, feature flags et amélioration continue",MUST,P1,AUTO,Les viewports contractuels doivent être testés sans overflow ni action masquée.,"Les golden screens incluent workstation, Full HD, laptop et mobile priorisé.","S01,S19,S24,S25,S26,S30,S31",active,1.0.0
UXR-0968,49,"Definition of Done, release, feature flags et amélioration continue",MUST,P0,SEMI,"La navigation clavier, le focus, les noms accessibles et les contrastes doivent passer les contrôles automatiques et manuels pertinents.","Axe, ARIA snapshot et revue clavier sont joints.","S01,S19,S24,S25,S26,S30,S31",active,1.0.0
UXR-0969,49,"Definition of Done, release, feature flags et amélioration continue",MUST,P1,AUTO,"Les mappers, composants, intégrations BFF et parcours E2E doivent avoir des tests au niveau approprié.",La stratégie de test évite les doublons inutiles tout en couvrant le risque.,"S01,S19,S24,S25,S26,S30,S31",active,1.0.0
UXR-0970,49,"Definition of Done, release, feature flags et amélioration continue",MUST,P1,AUTO,Les budgets de performance et de requêtes doivent être mesurés sur l'environnement de référence.,La release ne contient pas de source inutile ou de régression non acceptée.,"S01,S19,S24,S25,S26,S30,S31",active,1.0.0
UXR-0971,49,"Definition of Done, release, feature flags et amélioration continue",MUST,P0,SEMI,Toute nouvelle capacité doit être placée derrière un feature flag lorsqu'un cutover progressif ou un rollback est nécessaire.,"Le flag possède propriétaire, population, métriques et date de retrait.","S01,S19,S24,S25,S26,S30,S31",active,1.0.0
UXR-0972,49,"Definition of Done, release, feature flags et amélioration continue",MUST,P1,AUTO,Un feature flag ne doit pas devenir une branche permanente non testée.,Les deux variantes sont couvertes jusqu'à retrait du flag.,"S01,S19,S24,S25,S26,S30,S31",active,1.0.0
UXR-0973,49,"Definition of Done, release, feature flags et amélioration continue",MUST,P0,MANUAL,La release d'un parcours sensible doit avoir un runbook de rollback testé.,Le retour arrière conserve intégrité des données et visibilité opérateur.,"S01,S19,S24,S25,S26,S30,S31",active,1.0.0
UXR-0974,49,"Definition of Done, release, feature flags et amélioration continue",MUST,P1,SEMI,Les migrations de design system doivent être incrémentales et instrumentées.,Les anciennes variantes sont dépréciées avec calendrier et migration.,"S01,S19,S24,S25,S26,S30,S31",active,1.0.0
UXR-0975,49,"Definition of Done, release, feature flags et amélioration continue",MUST,P1,SEMI,Les baselines visuelles ne doivent être mises à jour qu'après revue du changement attendu.,La PR explique chaque différence et référence la décision.,"S01,S19,S24,S25,S26,S30,S31",active,1.0.0
UXR-0976,49,"Definition of Done, release, feature flags et amélioration continue",MUST,P1,AUTO,Les dérogations ouvertes doivent être contrôlées avant release.,Aucune dérogation expirée ou sans propriétaire ne subsiste.,"S01,S19,S24,S25,S26,S30,S31",active,1.0.0
UXR-0977,49,"Definition of Done, release, feature flags et amélioration continue",MUST,P1,SEMI,"Les logs, métriques et erreurs frontend nécessaires au support doivent être disponibles sans exposer de données sensibles.",Le runbook indique où vérifier et comment corréler.,"S01,S19,S24,S25,S26,S30,S31",active,1.0.0
UXR-0978,49,"Definition of Done, release, feature flags et amélioration continue",MUST,P1,SEMI,"La mise en production doit vérifier les métriques de tâche, erreurs, performance et accessibilité définies.",Le suivi post-release distingue succès apparent et résultat utilisateur.,"S01,S19,S24,S25,S26,S30,S31",active,1.0.0
UXR-0979,49,"Definition of Done, release, feature flags et amélioration continue",MUST,P1,MANUAL,"Les incidents UX importants doivent alimenter le référentiel, les composants ou les tests de non-régression.",La correction durable dépasse le patch local lorsqu'un pattern est en cause.,"S01,S19,S24,S25,S26,S30,S31",active,1.0.0
UXR-0980,49,"Definition of Done, release, feature flags et amélioration continue",MUST,P0,SEMI,"Une preuve de release doit relier Operating Contract, API ou commande, composant, route, tests, flag et version déployée.",La chaîne de traçabilité est consultable après la mise en production.,"S01,S19,S24,S25,S26,S30,S31",active,1.0.0
UXR-0981,50,Protocole d’exécution Codex et auto-audit obligatoire,MUST,P0,SEMI,"Avant tout code, l'agent doit lire AGENTS.md, ce référentiel, le Page Operating Contract, la Screen Specification et les sources de vérité du projet.",Le plan de travail liste les documents lus et leur ordre d'autorité.,"S01,S21,S23,S24,S25,S30,S31",active,1.0.0
UXR-0982,50,Protocole d’exécution Codex et auto-audit obligatoire,MUST,P0,SEMI,"L'agent doit inspecter le repository, les routes, composants, styles, contrats API, données et tests avant de proposer une architecture.",Le rapport cite les fichiers réellement observés.,"S01,S21,S23,S24,S25,S30,S31",active,1.0.0
UXR-0983,50,Protocole d’exécution Codex et auto-audit obligatoire,MUST,P0,MANUAL,"L'agent doit définir objectif, utilisateurs, questions, informations, actions, états, permissions et responsive avant de modifier un écran non spécifié.",Une fiche minimale est produite ou l'absence bloque le développement.,"S01,S21,S23,S24,S25,S30,S31",active,1.0.0
UXR-0984,50,Protocole d’exécution Codex et auto-audit obligatoire,MUST,P0,SEMI,"L'agent doit sélectionner les règles UXR applicables et les classer en bloquantes, importantes et contextuelles.",La tâche contient une matrice règle vers décision et preuve prévue.,"S01,S21,S23,S24,S25,S30,S31",active,1.0.0
UXR-0985,50,Protocole d’exécution Codex et auto-audit obligatoire,MUST,P0,MANUAL,"L'agent ne doit pas inventer une donnée, une capability, une permission ou un résultat de commande absent du code ou du contrat.",L'inconnu est déclaré et un besoin backend est ouvert si nécessaire.,"S01,S21,S23,S24,S25,S30,S31",active,1.0.0
UXR-0986,50,Protocole d’exécution Codex et auto-audit obligatoire,MUST,P1,MANUAL,L'agent doit proposer le plus petit vertical slice qui prouve le parcours de bout en bout.,Le plan évite une refonte massive ou un design system abstrait sans usage réel.,"S01,S21,S23,S24,S25,S30,S31",active,1.0.0
UXR-0987,50,Protocole d’exécution Codex et auto-audit obligatoire,MUST,P1,SEMI,L'agent doit réutiliser une primitive existante seulement si son contrat correspond au besoin.,"Toute extension indique compatibilité, usages et risque de régression.","S01,S21,S23,S24,S25,S30,S31",active,1.0.0
UXR-0988,50,Protocole d’exécution Codex et auto-audit obligatoire,MUST,P1,AUTO,"L'agent doit séparer API DTO, validation, mapper, view model, query, composant de feature et primitive UI.",La structure de fichiers et les imports respectent les frontières.,"S01,S21,S23,S24,S25,S30,S31",active,1.0.0
UXR-0989,50,Protocole d’exécution Codex et auto-audit obligatoire,MUST,P0,SEMI,L'agent doit implémenter les états de vérité et d'erreur avant de polir le happy path.,"Les fixtures et tests couvrent partial, stale, forbidden et erreur dès la première tranche.","S01,S21,S23,S24,S25,S30,S31",active,1.0.0
UXR-0990,50,Protocole d’exécution Codex et auto-audit obligatoire,MUST,P1,AUTO,"L'agent doit exécuter le linter UI/UX, les tests, l'accessibilité et les contrôles visuels applicables avant de conclure.","Le rapport donne commandes, résultats et limites.","S01,S21,S23,S24,S25,S30,S31",active,1.0.0
UXR-0991,50,Protocole d’exécution Codex et auto-audit obligatoire,MUST,P1,SEMI,L'agent doit inspecter le rendu réel aux viewports contractuels et ne pas se fier uniquement au DOM ou aux tests unitaires.,Des captures ou une preuve de preview sont jointes.,"S01,S21,S23,S24,S25,S30,S31",active,1.0.0
UXR-0992,50,Protocole d’exécution Codex et auto-audit obligatoire,MUST,P0,SEMI,"L'agent doit tester au moins une permission refusée, une donnée inconnue et une action non supportée sur tout parcours critique.",L'UI reste honnête et sûre dans ces scénarios.,"S01,S21,S23,S24,S25,S30,S31",active,1.0.0
UXR-0993,50,Protocole d’exécution Codex et auto-audit obligatoire,MUST,P1,MANUAL,L'agent doit comparer le résultat au Page Operating Contract et au test des cinq secondes.,Le rapport répond explicitement aux questions principales de la page.,"S01,S21,S23,S24,S25,S30,S31",active,1.0.0
UXR-0994,50,Protocole d’exécution Codex et auto-audit obligatoire,MUST,P1,MANUAL,"L'agent doit documenter les décisions, alternatives écartées et compromis mesurés.",Les préférences esthétiques sans justification sont exclues.,"S01,S21,S23,S24,S25,S30,S31",active,1.0.0
UXR-0995,50,Protocole d’exécution Codex et auto-audit obligatoire,MUST,P0,MANUAL,L'agent doit signaler tout contrôle non exécuté ou toute preuve inaccessible.,"La sortie distingue vérifié, non vérifié et supposé avec raisons.","S01,S21,S23,S24,S25,S30,S31",active,1.0.0
UXR-0996,50,Protocole d’exécution Codex et auto-audit obligatoire,MUST,P1,AUTO,"L'agent doit produire une liste précise des fichiers créés, modifiés et supprimés.",Le résumé permet une revue rapide et un rollback.,"S01,S21,S23,S24,S25,S30,S31",active,1.0.0
UXR-0997,50,Protocole d’exécution Codex et auto-audit obligatoire,MUST,P1,AUTO,L'agent doit créer ou mettre à jour les tests de non-régression pour chaque bug ou invariant touché.,Les tests échouent avant la correction lorsque reproductible.,"S01,S21,S23,S24,S25,S30,S31",active,1.0.0
UXR-0998,50,Protocole d’exécution Codex et auto-audit obligatoire,MUST,P1,SEMI,L'agent doit éviter les changements voisins non nécessaires et ouvrir un ticket séparé pour la dette large.,Le diff reste cohérent avec la mission et la Boy Scout Rule contrôlée.,"S01,S21,S23,S24,S25,S30,S31",active,1.0.0
UXR-0999,50,Protocole d’exécution Codex et auto-audit obligatoire,MUST,P0,SEMI,L'agent ne doit déclarer Done qu'après auto-audit par règles UXR et Definition of Done du chapitre 49.,Toute violation résiduelle possède dérogation ou bloque la conclusion.,"S01,S21,S23,S24,S25,S30,S31",active,1.0.0
UXR-1000,50,Protocole d’exécution Codex et auto-audit obligatoire,MUST,P0,SEMI,"La sortie finale de l'agent doit contenir résultat, preuves, règles appliquées, tests, limites, risques, dérogations et prochaine étape de validation.",Le rapport est reproductible par un reviewer humain.,"S01,S21,S23,S24,S25,S30,S31",active,1.0.0
